2007~2008,2008~2009,2009~2010,2010~2011,2011~2012,2012~2013,2013~2014,2014~2015,2015~2016,2016~2017,2017~2018
구산동 (550.0),낙원동 (500.0),등촌동 (300.0),영등포동6가 (2100.0),당산동2가 (2000.0),구기동 (400.0),양평동4가 (800.0),봉천동 (333.333),화곡동 (500.0),명일동 (291.667),신영동 (100.0)
안국동 (250.0),관철동 (317.647),당산동2가 (225.0),수유동 (300.0),논현동 (250.0),낙원동 (233.333),개화동 (500.0),율현동 (216.667),과해동 (300.0),익선동 (205.882),면목동 (71.429)
미아동 (200.0),삼청동 (300.0),양평동6가 (200.0),마곡동 (250.0),남현동 (133.333),영등포동5가 (180.0),묘동 (400.0),낙원동 (133.333),가양동 (300.0),염창동 (200.0),평동 (58.333)
봉천동 (200.0),화곡동 (225.0),원서동 (150.0),구기동 (200.0),봉천동 (133.333),삼성동 (166.667),양화동 (266.667),묘동 (120.0),수서동 (300.0),양평동4가 (200.0),성내동 (39.535)
외발산동 (200.0),장지동 (200.0),외발산동 (150.0),과해동 (200.0),공평동 (125.0),외발산동 (100.0),수유동 (200.0),마곡동 (113.333),구산동 (290.476),논현동 (141.667),둔촌동 (28.571)
오금동 (165.625),신내동 (150.0),망우동 (140.0),당산동4가 (166.667),면목동 (125.0),수유동 (100.0),방화동 (175.0),와룡동 (110.0),종로5가 (223.077),장지동 (140.0),봉천동 (26.667)
원서동 (142.857),문래동5가 (133.333),익선동 (120.0),문래동5가 (157.143),둔촌동 (122.222),견지동 (81.818),역촌동 (171.667),면목동 (100.0),양화동 (222.222),일원동 (118.182),삼청동 (21.053)
문정동 (133.333),삼성동 (100.0),혜화동 (116.667),낙원동 (150.0),신영동 (100.0),문정동 (77.778),도선동 (166.667),미아동 (100.0),당산동4가 (212.5),미아동 (100.0),세곡동 (15.476)
양평동2가 (86.486),견지동 (80.0),봉익동 (108.333),권농동 (139.474),양평동4가 (100.0),신영동 (75.0),망우동 (166.667),견지동 (100.0),망우동 (180.0),개화동 (100.0),수유동 (14.286)
번동 (81.132),길동 (77.778),가양동 (100.0),방화동 (133.333),원서동 (100.0),천호동 (72.727),수서동 (150.0),영등포동6가 (100.0),삼청동 (175.0),신사동 (93.603),종로5가 (10.714)
익선동 (75.0),풍납동 (76.471),종로3가 (100.0),염창동 (125.0),묘동 (100.0),번동 (70.0),등촌동 (150.0),염창동 (100.0),내수동 (157.143),묘동 (88.889),오금동 (6.438)
평창동 (72.222),문래동3가 (76.471),수서동 (100.0),통의동 (120.0),석촌동 (100.0),문래동4가 (69.565),명륜2가 (145.455),영등포동5가 (86.364),봉익동 (138.095),역촌동 (84.615),신정동 (6.383)
숭인동 (62.5),남현동 (75.0),수유동 (100.0),견지동 (120.0),암사동 (100.0),청담동 (62.963),통의동 (142.857),신정동 (77.273),수유동 (125.0),남현동 (83.333),상봉동 (6.25)
재동 (58.824),필운동 (71.831),선유동 (100.0),당산동 (100.0),신림동 (100.0),삼청동 (60.0),송파동 (140.909),목동 (77.083),구기동 (125.0),영등포동6가 (81.818),불광동 (0.699)
영등포동5가 (57.143),망우동 (66.667),미아동 (100.0),장지동 (100.0),안국동 (83.333),서린동 (55.556),일원동 (133.333),장지동 (75.0),명륜2가 (122.857),마곡동 (79.31),영등포동 (0.0)
풍납동 (54.545),신림동 (66.667),숭인동 (81.818),가양동 (100.0),명일동 (81.818),누하동 (54.545),명일동 (130.769),일원동 (71.429),신사동 (115.217),신월동 (76.087),미아동 (0.0)
공평동 (50.0),역촌동 (65.789),운니동 (80.0),영등포동5가 (83.333),와룡동 (77.778),역촌동 (50.0),당산동2가 (116.667),신영동 (71.429),내발산동 (95.455),와룡동 (75.0),외발산동 (0.0)
도곡동 (50.0),인사동 (64.0),신사동 (74.684),영등포동1가 (80.488),신내동 (75.0),명륜1가 (50.0),녹번동 (105.714),구산동 (61.538),nan (82.353),수서동 (75.0),삼성동 (0.0)
마천동 (49.18),논현동 (60.0),명륜1가 (66.667),내발산동 (75.0),관철동 (68.0),익선동 (50.0),당산동 (100.0),창성동 (57.143),소격동 (78.788),삼청동 (72.727),청진동 (-0.338)
대림동 (46.667),도선동 (60.0),개화동 (66.667),천호동 (75.0),당산동4가 (62.5),망우동 (50.0),장지동 (100.0),종로6가 (56.349),방화동 (76.923),율현동 (70.0),갈현동 (-3.448)
창성동 (45.455),영등포동 (58.333),통의동 (66.667),문래동4가 (62.745),종로3가 (61.905),과해동 (50.0),세곡동 (97.436),문래동1가 (51.852),삼전동 (76.042),효제동 (63.636),중학동 (-4.878)
당산동 (42.857),잠실동 (57.5),효제동 (65.385),화곡동 (60.0),nan (55.556),교남동 (43.75),옥인동 (92.453),신내동 (50.0),외발산동 (75.0),서린동 (63.636),원남동 (-4.933)
장사동 (39.241),누하동 (50.0),상봉동 (63.889),묵동 (53.968),방이동 (50.0),창성동 (42.105),내수동 (85.714),문래동5가 (46.667),거여동 (70.588),연지동 (63.333),소격동 (-5.839)
명일동 (36.364),신영동 (50.0),신월동 (63.415),우이동 (52.778),양화동 (50.0),당주동 (40.0),남현동 (85.714),내발산동 (46.667),익선동 (70.0),우이동 (62.5),원서동 (-8.333)
신문로1가 (34.951),개화동 (50.0),성내동 (57.143),번동 (50.667),가양동 (50.0),암사동 (39.286),구산동 (85.714),혜화동 (46.154),번동 (69.173),가회동 (62.5),숭인동 (-8.537)
당산동1가 (27.778),혜화동 (50.0),홍지동 (51.515),봉천동 (50.0),수서동 (50.0),신길동 (39.13),논현동 (83.333),공항동 (45.205),동숭동 (67.442),영등포동4가 (59.259),종로2가 (-9.0)
논현동 (25.0),영등포동1가 (48.387),면목동 (50.0),종로5가 (50.0),대조동 (46.061),여의도동 (38.028),재동 (81.818),재동 (45.0),양평동6가 (66.667),고덕동 (59.091),영등포동6가 (-10.0)
우이동 (23.684),역삼동 (44.681),삼성동 (50.0),서린동 (50.0),효제동 (44.444),신정동 (36.842),풍납동 (80.702),천호동 (42.857),송파동 (63.636),당산동3가 (55.357),청담동 (-10.0)
압구정동 (23.404),대치동 (43.636),양평동2가 (45.455),고덕동 (46.667),마천동 (41.176),안국동 (36.364),소격동 (78.723),nan (41.667),풍납동 (63.478),양평동3가 (54.286),화동 (-11.165)
역촌동 (22.581),청담동 (40.741),갈현동 (43.269),영등포동4가 (45.652),양평동5가 (39.31),신천동 (35.507),강일동 (77.778),신문로1가 (41.053),봉천동 (61.538),혜화동 (54.167),수색동 (-11.348)
마곡동 (22.222),묘동 (40.0),송파동 (40.0),율현동 (45.455),길동 (38.462),신사동 (34.524),둔촌동 (75.0),문래동2가 (39.815),원남동 (57.962),안국동 (53.333),nan (-11.765)
신월동 (21.951),적선동 (40.0),교북동 (35.938),내수동 (44.444),가회동 (36.364),거여동 (33.333),외발산동 (75.0),홍지동 (38.776),누하동 (57.895),창성동 (52.273),천호동 (-12.0)
효제동 (21.739),문래동2가 (37.5),당산동1가 (35.714),풍납동 (38.462),풍납동 (36.111),중학동 (33.333),인의동 (70.312),대조동 (36.441),당산동 (55.556),관훈동 (50.0),공항동 (-12.409)
관훈동 (21.429),영등포동4가 (36.667),내발산동 (33.333),거여동 (36.364),문래동1가 (34.375),연건동 (32.558),권농동 (69.388),구기동 (33.333),둔촌동 (54.545),풍납동 (45.745),낙원동 (-12.5)
체부동 (20.952),원남동 (34.653),당산동6가 (33.333),여의도동 (36.066),송파동 (33.333),종로6가 (32.353),동숭동 (67.857),연지동 (31.818),마천동 (54.4),도선동 (43.478),번동 (-12.766)
중화동 (20.0),영등포동7가 (34.483),종로5가 (33.333),당산동1가 (34.211),과해동 (33.333),영등포동1가 (32.203),영등포동3가 (66.667),문래동4가 (31.343),문래동3가 (52.941),영등포동2가 (42.857),응암동 (-12.903)
영등포동6가 (20.0),당산동2가 (33.333),평동 (33.333),일원동 (33.333),도렴동 (33.333),우이동 (30.612),가회동 (62.5),길동 (31.25),잠실동 (52.0),공항동 (42.708),견지동 (-13.333)
석촌동 (20.0),선유동 (33.333),당주동 (33.333),강일동 (33.333),양평동6가 (31.25),도렴동 (30.0),영등포동4가 (61.017),당산동2가 (30.769),오금동 (51.282),갈현동 (42.623),가락동 (-13.402)
상봉동 (19.355),개포동 (33.333),신문로2가 (32.447),면목동 (33.333),도선동 (30.769),강일동 (28.571),도곡동 (60.87),통의동 (29.412),선유동 (50.0),옥인동 (42.5),장사동 (-15.517)
영등포동8가 (18.478),양평동5가 (32.653),수색동 (30.986),압구정동 (32.759),장사동 (29.885),문래동1가 (27.907),중학동 (60.714),체부동 (29.365),신내동 (50.0),영등포동1가 (42.391),평창동 (-15.584)
종로1가 (18.239),녹번동 (30.357),암사동 (30.0),영등포동7가 (32.258),경운동 (29.73),신문로1가 (26.829),역삼동 (60.0),당산동3가 (27.928),남현동 (50.0),목동 (41.026),홍파동 (-15.854)
명륜1가 (18.182),양평동3가 (29.63),영등포동8가 (30.0),동숭동 (32.0),당주동 (25.0),갈현동 (26.786),평창동 (60.0),문정동 (27.273),장사동 (46.951),공평동 (40.0),혜화동 (-16.216)
세곡동 (17.857),신천동 (29.592),세곡동 (29.73),삼전동 (31.818),삼청동 (25.0),불광동 (25.714),안국동 (60.0),당주동 (27.273),수송동 (46.526),구산동 (39.024),서린동 (-16.667)
청담동 (17.391),둔촌동 (28.571),중화동 (28.814),당산동5가 (31.818),당산동6가 (24.49),영등포동8가 (25.581),상봉동 (57.576),당산동1가 (26.506),평창동 (46.296),적선동 (39.0),종로1가 (-16.667)
신문로2가 (16.993),돈의동 (28.328),응암동 (28.302),청담동 (30.0),종로2가 (22.917),미아동 (25.0),연지동 (57.143),영등포동1가 (25.287),양평동1가 (45.946),개포동 (36.842),문래동1가 (-16.854)
운니동 (16.667),마곡동 (27.273),문래동6가 (28.105),와룡동 (28.571),당산동3가 (21.875),염창동 (25.0),중화동 (56.522),세곡동 (24.675),효제동 (44.737),명륜1가 (35.714),압구정동 (-17.284)
당산동6가 (16.0),압구정동 (25.862),양평동1가 (27.972),평창동 (28.571),가락동 (21.818),장사동 (24.779),누하동 (52.941),교북동 (23.596),영등포동 (41.935),석촌동 (35.088),창신동 (-17.508)
화동 (14.815),부암동 (25.0),가락동 (26.471),nan (28.571),문래동3가 (21.739),성내동 (23.333),무악동 (52.015),대림동 (23.077),청담동 (41.667),당산동2가 (34.783),상일동 (-17.573)
당산동3가 (14.085),송파동 (25.0),관수동 (25.581),가락동 (27.907),신길동 (21.053),신문로2가 (22.973),청진동 (51.497),신림동 (23.077),원서동 (40.0),신정동 (34.286),도선동 (-18.182)
문래동3가 (13.333),와룡동 (25.0),마천동 (25.556),오금동 (24.444),신천동 (21.053),대치동 (22.973),내발산동 (50.0),돈의동 (22.222),관철동 (39.286),강일동 (33.333),신문로1가 (-18.254)
영등포동3가 (12.5),염창동 (25.0),개포동 (25.0),계동 (23.377),구산동 (20.0),공평동 (22.222),삼청동 (50.0),부암동 (20.93),우이동 (37.931),가락동 (32.877),여의도동 (-18.719)
방이동 (12.121),진관동 (24.627),연건동 (24.0),종로1가 (23.353),인사동 (18.919),문래동3가 (21.429),오금동 (50.0),숭인동 (20.0),암사동 (37.037),필운동 (32.83),양화동 (-18.75)
수색동 (11.111),수송동 (24.503),인의동 (23.438),원남동 (22.727),수송동 (18.817),관철동 (21.429),우이동 (48.438),영등포동2가 (20.0),종로3가 (36.957),진관동 (30.57),문래동3가 (-18.868)
홍파동 (11.111),신사동 (23.438),거여동 (22.222),홍파동 (21.429),관훈동 (18.75),영등포동 (20.0),당산동1가 (48.214),명륜1가 (20.0),상일동 (36.913),누하동 (30.0),경운동 (-19.444)
신사동 (10.345),불광동 (22.951),종로6가 (21.429),대림동 (20.833),도림동 (18.466),영등포동3가 (20.0),신길동 (46.875),응암동 (19.355),여의도동 (35.659),당산동 (28.571),종로4가 (-19.492)
연지동 (10.0),중화동 (22.917),목동 (21.277),화동 (20.202),개포동 (18.182),명륜3가 (19.0),경운동 (46.429),영등포동 (19.231),연건동 (35.484),명륜3가 (27.826),염창동 (-20.0)
소격동 (9.859),종로6가 (22.33),당산동3가 (20.0),안국동 (20.0),양평동3가 (17.647),계동 (16.97),익선동 (44.444),적선동 (18.987),상봉동 (35.417),중화동 (27.536),인의동 (-20.0)
녹번동 (9.804),당산동1가 (21.739),홍파동 (19.149),개화동 (20.0),숭인동 (17.5),경운동 (16.667),영등포동 (44.444),영등포동7가 (18.182),당산동2가 (35.294),문래동1가 (27.143),과해동 (-20.0)
종로4가 (9.42),종로3가 (21.429),장사동 (18.605),무악동 (19.92),영등포동2가 (16.667),구산동 (16.667),인사동 (44.186),방화동 (18.182),양평동2가 (35.065),홍지동 (26.562),묵동 (-20.652)
청운동 (8.772),당산동 (20.0),중학동 (17.949),재동 (18.182),부암동 (15.909),증산동 (16.667),마천동 (44.086),방이동 (18.033),권농동 (33.735),돈의동 (25.536),체부동 (-21.081)
문래동1가 (8.696),가락동 (17.241),상일동 (17.91),문정동 (18.182),재동 (15.385),풍납동 (16.327),공항동 (43.137),소격동 (17.857),영등포동7가 (30.769),대조동 (24.932),마곡동 (-21.154)
경운동 (8.333),방화동 (16.667),명륜2가 (17.857),상일동 (16.456),성내동 (15.385),화동 (14.851),교남동 (41.304),화동 (17.808),영등포동3가 (30.0),종로1가 (24.481),도림동 (-21.697)
율현동 (8.333),소격동 (16.667),여의도동 (17.308),역촌동 (15.686),신월동 (15.094),영등포동2가 (14.286),명륜3가 (41.176),수송동 (17.376),교남동 (29.897),대림동 (24.39),신문로2가 (-22.076)
가락동 (7.407),대조동 (16.031),증산동 (17.073),혜화동 (15.385),창신동 (11.905),신내동 (14.286),잠실동 (40.0),갈현동 (16.667),수색동 (29.787),신내동 (22.222),계동 (-22.137)
신길동 (7.143),상일동 (15.517),경운동 (16.667),녹번동 (14.286),문래동5가 (11.111),nan (14.286),종로3가 (40.0),관수동 (15.541),당산동5가 (29.213),망우동 (21.429),당산동 (-22.222)
응암동 (6.818),인의동 (14.286),도림동 (16.013),종로4가 (12.676),체부동 (10.909),문래동6가 (13.021),선유동 (40.0),여의도동 (15.179),대림동 (28.125),내발산동 (20.93),영등포동8가 (-22.353)
도렴동 (4.545),관수동 (13.158),종로2가 (15.686),둔촌동 (12.5),녹번동 (10.714),당산동3가 (12.821),불광동 (39.773),운니동 (15.0),문래동2가 (26.49),신천동 (20.4),풍납동 (-22.628)
중학동 (4.0),응암동 (12.766),오금동 (15.385),선유동 (12.5),필운동 (9.655),홍지동 (12.5),압구정동 (39.437),선유동 (14.286),혜화동 (26.316),체부동 (20.13),종로6가 (-22.749)
홍지동 (2.564),명륜4가 (12.563),청진동 (14.557),삼성동 (11.111),신문로2가 (8.425),상일동 (12.245),신문로2가 (39.286),명륜3가 (14.286),양평동5가 (25.926),잠실동 (19.737),문래동2가 (-22.967)
갈현동 (2.128),일원동 (12.5),대림동 (14.286),대치동 (10.256),당산동 (8.333),양평동5가 (11.386),당산동6가 (39.13),녹번동 (13.889),영등포동4가 (25.0),삼전동 (19.527),신천동 (-23.588)
원남동 (1.0),거여동 (12.5),옥인동 (13.953),옥인동 (10.204),잠실동 (8.197),오금동 (11.34),성내동 (37.838),영등포동4가 (13.684),대치동 (24.731),운니동 (18.644),관훈동 (-23.81)
목동 (0.0),당산동5가 (12.281),삼전동 (13.793),불광동 (10.0),인의동 (7.895),양평동1가 (11.111),삼성동 (37.5),석촌동 (13.462),필운동 (23.832),송파동 (18.519),필운동 (-24.432)
강일동 (0.0),세곡동 (12.121),명륜4가 (13.393),연지동 (10.0),문래동2가 (7.692),당산동5가 (11.111),관철동 (37.255),당산동 (12.5),길동 (23.81),관수동 (18.478),목동 (-24.545)
고덕동 (0.0),명륜2가 (12.0),영등포동4가 (12.195),명일동 (10.0),교북동 (7.229),종로1가 (11.039),수색동 (35.802),평창동 (12.5),가회동 (23.077),불광동 (18.182),인사동 (-24.561)
당산동5가 (0.0),명륜3가 (11.765),문래동2가 (11.688),방이동 (9.677),상일동 (6.522),압구정동 (10.938),거여동 (35.0),풍납동 (11.65),당주동 (21.429),청담동 (17.647),진관동 (-24.603)
여의도동 (0.0),삼전동 (11.538),청운동 (11.111),신문로2가 (9.639),도곡동 (6.25),청운동 (10.791),진관동 (33.333),관훈동 (11.538),도림동 (21.289),상일동 (17.157),홍지동 (-24.691)
내발산동 (0.0),문래동6가 (10.072),영등포동 (10.526),필운동 (9.023),동숭동 (6.061),종로5가 (9.524),당산동5가 (32.857),홍파동 (11.268),중학동 (21.212),당산동1가 (16.935),도곡동 (-25.0)
남현동 (0.0),봉익동 (9.091),잠실동 (9.524),적선동 (8.451),봉익동 (5.263),응암동 (8.475),영등포동7가 (32.0),공평동 (11.111),교북동 (20.909),도곡동 (16.923),동숭동 (-25.373)
종로5가 (0.0),종로5가 (9.091),평창동 (9.375),증산동 (8.333),마곡동 (4.762),방이동 (7.843),신사동 (31.858),청진동 (11.067),청운동 (20.388),화곡동 (16.667),연건동 (-25.683)
명륜3가 (0.0),청운동 (8.871),필운동 (9.016),암사동 (7.692),당산동1가 (3.922),효제동 (7.692),창신동 (31.22),진관동 (10.976),당산동6가 (20.29),선유동 (16.667),당산동2가 (-25.806)
구기동 (0.0),동숭동 (8.696),교남동 (8.955),문래동1가 (6.667),역삼동 (2.941),숭인동 (6.383),청운동 (31.169),신천동 (10.881),명륜3가 (19.792),내수동 (16.667),문정동 (-26.415)
진관동 (0.0),가회동 (8.333),부암동 (8.889),양평동6가 (6.667),종로4가 (2.5),필운동 (5.66),신월동 (30.508),도림동 (10.823),응암동 (18.919),봉익동 (16.0),당산동5가 (-26.667)
통의동 (0.0),갈현동 (8.333),신천동 (8.661),문래동2가 (5.814),세곡동 (2.083),당산동1가 (5.66),삼전동 (30.38),봉익동 (10.526),개포동 (18.75),여의도동 (16.0),신길동 (-26.667)
서린동 (0.0),여의도동 (8.333),수송동 (8.511),명륜4가 (5.512),목동 (1.961),원남동 (5.556),종로1가 (29.24),중학동 (10.0),성내동 (18.605),도림동 (15.781),대치동 (-26.984)
대조동 (-0.758),무악동 (8.163),가회동 (7.692),대조동 (5.096),율현동 (0.0),돈의동 (4.36),장사동 (28.369),종로3가 (9.524),당산동1가 (18.095),신문로2가 (15.736),등촌동 (-27.273)
도림동 (-1.01),교남동 (8.065),화동 (7.609),청진동 (4.972),응암동 (0.0),명륜4가 (3.953),문래동2가 (27.059),명륜4가 (9.091),영등포동8가 (17.766),수송동 (15.67),문래동6가 (-28.319)
연건동 (-2.778),율현동 (7.692),창신동 (7.317),신정동 (4.545),고덕동 (0.0),영등포동4가 (1.724),필운동 (26.786),신월동 (9.091),문래동6가 (17.736),수색동 (15.574),신림동 (-28.571)
영등포동4가 (-3.226),창성동 (6.25),계동 (6.944),소격동 (3.896),공항동 (0.0),수송동 (1.357),당산동3가 (26.136),상일동 (8.759),무악동 (16.923),도렴동 (15.385),잠실동 (-28.571)
동숭동 (-4.167),종로2가 (6.25),불광동 (6.667),문래동6가 (3.061),내수동 (0.0),운니동 (1.099),수송동 (25.893),경운동 (8.537),신천동 (16.822),삼성동 (14.286),우이동 (-28.718)
계동 (-4.294),번동 (6.25),도선동 (6.25),명륜3가 (2.479),명륜1가 (0.0),도림동 (0.719),화동 (25.862),계동 (8.213),영등포동2가 (16.667),낙원동 (14.286),무악동 (-28.743)
공항동 (-4.762),관훈동 (5.882),우이동 (5.882),영등포동8가 (2.308),갈현동 (0.0),당산동4가 (0.0),명륜4가 (25.475),당산동6가 (7.812),명륜1가 (16.667),종로3가 (14.286),일원동 (-29.167)
무악동 (-5.769),체부동 (5.512),석촌동 (5.556),돈의동 (1.404),장지동 (0.0),화곡동 (0.0),양평동6가 (25.0),종로2가 (5.556),종로6가 (16.244),녹번동 (14.085),구기동 (-30.0)
불광동 (-6.154),방이동 (5.405),공항동 (5.085),영등포동3가 (0.0),거여동 (0.0),율현동 (0.0),영등포동2가 (25.0),원서동 (5.263),종로4가 (15.873),종로2가 (13.636),적선동 (-30.576)
내수동 (-6.25),신문로2가 (5.028),인사동 (4.878),양화동 (0.0),견지동 (0.0),개포동 (0.0),문래동6가 (24.885),영등포동8가 (3.684),가락동 (15.873),묵동 (13.58),운니동 (-30.714)
창신동 (-6.278),종로1가 (4.787),양평동5가 (4.103),양평동4가 (0.0),무악동 (-0.664),관훈동 (0.0),연건동 (24.561),인의동 (2.752),종로1가 (15.865),양평동5가 (13.235),내발산동 (-30.769)
수송동 (-7.927),고덕동 (4.762),누하동 (3.704),등촌동 (0.0),운니동 (-1.087),고덕동 (0.0),상일동 (24.545),신문로2가 (2.564),종로2가 (15.789),문정동 (12.766),명륜4가 (-30.805)
인의동 (-8.197),묵동 (4.688),대조동 (3.289),신내동 (0.0),삼전동 (-1.149),봉천동 (0.0),종로2가 (24.138),청운동 (1.98),안국동 (15.385),당산동4가 (12.0),길동 (-31.034)
묵동 (-8.571),청진동 (4.636),당산동5가 (3.125),세곡동 (0.0),옥인동 (-1.852),양화동 (0.0),종로4가 (23.841),종로4가 (1.07),숭인동 (15.152),인사동 (11.765),양평동6가 (-31.25)
영등포동1가 (-8.824),문래동4가 (4.545),창성동 (2.941),길동 (0.0),홍파동 (-2.941),남현동 (0.0),석촌동 (23.81),필운동 (0.469),천호동 (15.0),길동 (11.538),창성동 (-31.343)
도선동 (-9.091),연지동 (4.545),양평동3가 (2.857),구산동 (0.0),영등포동8가 (-3.008),혜화동 (0.0),개포동 (23.077),양평동1가 (0.452),대조동 (14.596),구기동 (11.111),청운동 (-31.538)
권농동 (-9.091),도림동 (4.082),진관동 (1.198),신림동 (0.0),관수동 (-3.378),봉익동 (0.0),양평동2가 (22.727),등촌동 (0.0),압구정동 (14.444),암사동 (10.811),거여동 (-32.258)
부암동 (-10.0),양평동1가 (3.623),봉천동 (0.0),역삼동 (0.0),대림동 (-3.448),역삼동 (0.0),고덕동 (22.727),개포동 (0.0),신문로2가 (13.654),창신동 (10.409),당산동6가 (-32.584)
개포동 (-10.0),평창동 (3.226),과해동 (0.0),청운동 (0.0),수색동 (-3.488),옥인동 (0.0),홍파동 (22.414),영등포동3가 (0.0),문래동5가 (13.636),역삼동 (10.28),당산동3가 (-32.759)
관수동 (-10.236),증산동 (2.5),구기동 (0.0),익선동 (0.0),양평동2가 (-4.11),적선동 (0.0),양평동5가 (20.444),논현동 (0.0),인의동 (13.393),영등포동8가 (9.914),역삼동 (-33.051)
양평동5가 (-10.366),문정동 (2.381),논현동 (0.0),수서동 (0.0),청진동 (-4.211),종로2가 (-1.695),원남동 (19.549),평동 (0.0),증산동 (13.208),무악동 (9.868),문래동5가 (-33.333)
관철동 (-10.526),수색동 (1.429),남현동 (0.0),도림동 (-0.845),진관동 (-4.225),인사동 (-2.273),도렴동 (19.231),강일동 (0.0),역촌동 (13.043),영등포동7가 (9.804),당주동 (-33.333)
신천동 (-10.909),수서동 (0.0),동숭동 (0.0),양평동1가 (-1.639),교남동 (-4.478),수색동 (-2.41),교북동 (18.667),개화동 (0.0),양평동3가 (12.903),명륜4가 (9.572),증산동 (-33.333)
양평동1가 (-10.968),당주동 (0.0),역삼동 (0.0),중학동 (-2.174),돈의동 (-4.709),신월동 (-3.279),증산동 (17.857),가회동 (0.0),신길동 (12.821),문래동2가 (9.424),방이동 (-33.333)
영등포동2가 (-11.111),공평동 (0.0),권농동 (0.0),체부동 (-3.509),문래동6가 (-4.95),양평동6가 (-4.762),돈의동 (17.827),권농동 (0.0),면목동 (12.5),재동 (9.375),교남동 (-33.594)
일원동 (-11.111),천호동 (0.0),서린동 (0.0),인의동 (-3.797),양평동1가 (-5.0),체부동 (-4.918),영등포동8가 (17.284),양평동5가 (-0.369),화동 (12.209),평동 (9.091),부암동 (-33.929)
와룡동 (-11.111),석촌동 (0.0),종로4가 (-0.699),종로6가 (-3.922),명륜4가 (-5.597),원서동 (-5.556),화곡동 (16.667),원남동 (-1.258),청진동 (12.1),연건동 (8.929),돈의동 (-33.997)
역삼동 (-11.321),등촌동 (0.0),신문로1가 (-0.901),관훈동 (-4.0),평창동 (-6.667),양평동2가 (-5.714),양평동1가 (16.316),인사동 (-1.613),도곡동 (12.069),마천동 (8.808),영등포동1가 (-34.351)
옥인동 (-12.069),안국동 (0.0),대치동 (-1.266),창신동 (-4.545),평동 (-6.667),목동 (-5.769),대조동 (16.256),문래동6가 (-2.214),문정동 (11.905),천호동 (8.696),가회동 (-34.615)
종로3가 (-12.5),수유동 (0.0),도곡동 (-1.786),교북동 (-4.598),혜화동 (-6.667),대림동 (-7.143),관수동 (15.625),오금동 (-3.704),부암동 (11.538),문래동6가 (8.654),대조동 (-34.707)
양평동3가 (-12.903),가양동 (0.0),원남동 (-2.941),영등포동 (-4.762),중학동 (-6.667),양평동3가 (-7.5),문래동5가 (15.385),묵동 (-3.846),재동 (10.345),대치동 (8.621),역촌동 (-34.896)
증산동 (-13.043),강일동 (0.0),문래동1가 (-3.226),양평동3가 (-5.556),묵동 (-7.216),종로4가 (-7.927),적선동 (15.328),청담동 (-4.0),역삼동 (10.309),숭인동 (7.895),영등포동5가 (-35.0)
인사동 (-13.793),양평동4가 (0.0),문래동3가 (-3.333),평동 (-6.25),청운동 (-7.333),삼전동 (-8.14),가락동 (15.0),대치동 (-4.124),명륜4가 (10.278),종로4가 (7.763),신월동 (-35.185)
돈의동 (-13.824),화동 (-1.075),적선동 (-3.401),도렴동 (-6.25),증산동 (-7.692),청진동 (-8.242),서린동 (14.286),당산동5가 (-4.301),계동 (10.268),관철동 (7.692),권농동 (-35.398)
nan (-14.286),마천동 (-1.099),무악동 (-5.283),공항동 (-6.452),홍지동 (-9.091),무악동 (-8.696),여의도동 (14.286),창신동 (-4.833),고덕동 (10.0),당산동6가 (7.229),관철동 (-35.714)
청진동 (-15.169),공항동 (-1.667),돈의동 (-5.319),수색동 (-7.527),영등포동5가 (-9.091),마곡동 (-9.091),갈현동 (14.085),양평동2가 (-4.938),신월동 (9.524),거여동 (6.897),송파동 (-35.938)
적선동 (-16.667),창신동 (-1.914),도렴동 (-5.882),신문로1가 (-8.182),명륜2가 (-10.345),영등포동6가 (-9.091),청담동 (13.636),문래동3가 (-5.556),논현동 (9.091),화동 (6.736),양평동1가 (-36.446)
성내동 (-16.667),상봉동 (-2.703),묵동 (-5.97),교남동 (-8.219),우이동 (-10.909),내발산동 (-9.091),원서동 (11.765),번동 (-5.674),돈의동 (8.317),양평동6가 (6.667),재동 (-37.143)
교남동 (-17.333),교북동 (-3.03),관훈동 (-7.407),관수동 (-8.642),적선동 (-11.039),진관동 (-9.559),영등포동1가 (11.538),종로1가 (-5.882),묵동 (8.0),홍파동 (6.494),양평동2가 (-37.755)
누하동 (-18.182),목동 (-4.082),신정동 (-8.333),양평동2가 (-8.75),선유동 (-11.111),도곡동 (-9.804),방이동 (10.909),무악동 (-6.024),문래동4가 (7.955),계동 (6.073),당산동1가 (-37.931)
잠실동 (-18.367),대림동 (-4.545),명륜3가 (-9.023),수송동 (-8.824),중화동 (-11.594),가락동 (-10.448),부암동 (10.256),불광동 (-6.504),관수동 (7.602),응암동 (5.682),교북동 (-38.06)
교북동 (-18.519),연건동 (-4.762),신림동 (-10.0),중화동 (-9.211),등촌동 (-12.5),관수동 (-10.49),숭인동 (10.0),마천동 (-6.716),등촌동 (6.667),문래동4가 (5.263),수송동 (-38.324)
신정동 (-18.75),종로4가 (-5.298),영등포동1가 (-10.87),신길동 (-9.524),강일동 (-12.5),상봉동 (-10.811),도림동 (10.0),삼전동 (-6.796),적선동 (6.383),청운동 (4.839),도렴동 (-40.0)
명륜4가 (-19.433),도곡동 (-6.667),둔촌동 (-11.111),연건동 (-9.677),종로5가 (-12.5),길동 (-11.111),평동 (9.091),신사동 (-7.383),진관동 (6.044),방이동 (4.0),영등포동2가 (-40.0)
양화동 (-20.0),효제동 (-7.143),영등포동3가 (-12.5),부암동 (-10.204),계동 (-13.158),종로3가 (-11.765),홍지동 (8.889),상봉동 (-7.692),율현동 (5.263),영등포동5가 (2.564),명륜3가 (-40.816)
종로2가 (-20.0),당산동3가 (-7.407),연지동 (-13.043),목동 (-10.526),오금동 (-13.393),공항동 (-12.069),운니동 (8.696),도선동 (-8.333),불광동 (5.217),중학동 (2.5),문래동4가 (-41.0)
대치동 (-20.29),계동 (-7.692),풍납동 (-13.333),잠실동 (-11.594),영등포동4가 (-13.433),홍파동 (-12.121),체부동 (8.621),중화동 (-8.333),창신동 (5.078),양평동1가 (2.469),영등포동7가 (-41.071)
명륜2가 (-21.875),평동 (-7.692),묘동 (-14.286),홍지동 (-12.0),대치동 (-13.953),권농동 (-12.5),계동 (7.254),우이동 (-8.421),중화동 (4.545),세곡동 (2.439),명륜1가 (-42.105)
양평동6가 (-22.222),경운동 (-7.692),방화동 (-14.286),명륜2가 (-12.121),여의도동 (-14.458),연지동 (-12.5),대치동 (6.593),동숭동 (-8.511),도선동 (4.545),인의동 (2.362),마천동 (-42.381)
송파동 (-23.077),신정동 (-7.692),체부동 (-14.925),도곡동 (-12.727),화동 (-15.126),통의동 (-12.5),문래동3가 (5.882),가락동 (-8.696),방이동 (4.167),신길동 (2.273),당산동4가 (-42.857)
종로6가 (-23.134),오금동 (-8.235),종로1가 (-15.228),응암동 (-13.235),압구정동 (-16.883),창신동 (-12.766),양평동3가 (5.405),압구정동 (-9.091),연지동 (3.448),문래동3가 (1.923),수서동 (-42.857)
문래동6가 (-23.204),영등포동8가 (-8.257),재동 (-15.385),인사동 (-13.953),신정동 (-17.391),문래동2가 (-13.265),창성동 (3.704),장사동 (-9.392),운니동 (2.609),권농동 (1.802),와룡동 (-42.857)
문래동4가 (-24.138),nan (-8.333),소격동 (-15.385),장사동 (-14.706),상봉동 (-17.778),등촌동 (-14.286),번동 (3.676),연건동 (-12.676),옥인동 (1.266),교남동 (1.587),화곡동 (-42.857)
문래동2가 (-24.324),서린동 (-9.091),장지동 (-16.667),운니동 (-14.815),신문로1가 (-18.812),논현동 (-14.286),신천동 (3.209),암사동 (-12.903),공평동 (0.0),교북동 (0.752),봉익동 (-43.103)
삼전동 (-24.638),신길동 (-10.0),명일동 (-16.667),진관동 (-15.976),명륜3가 (-19.355),명륜2가 (-15.385),문정동 (3.125),역삼동 (-13.393),도렴동 (0.0),가양동 (0.0),대림동 (-43.137)
암사동 (-25.0),영등포동3가 (-11.111),내수동 (-18.182),효제동 (-16.279),미아동 (-20.0),묵동 (-15.556),묵동 (2.632),수색동 (-14.545),낙원동 (0.0),방화동 (0.0),영등포동4가 (-43.256)
신림동 (-25.0),당산동6가 (-12.069),길동 (-18.75),미아동 (-16.667),영등포동1가 (-20.27),교북동 (-15.73),효제동 (1.786),성내동 (-15.686),창성동 (0.0),신문로1가 (0.0),명일동 (-43.617)
묘동 (-28.571),옥인동 (-15.686),역촌동 (-19.048),신천동 (-17.391),불광동 (-20.455),대조동 (-15.768),대림동 (0.0),도렴동 (-16.129),홍파동 (-2.532),신영동 (0.0),석촌동 (-44.156)
상일동 (-29.268),암사동 (-16.667),염창동 (-20.0),종로2가 (-18.644),소격동 (-21.25),석촌동 (-16.0),신영동 (0.0),명일동 (-16.667),갈현동 (-3.175),오금동 (-1.271),신사동 (-44.174)
가회동 (-29.412),영등포동2가 (-17.5),신내동 (-20.0),창성동 (-20.0),내발산동 (-21.429),영등포동7가 (-16.667),염창동 (0.0),신길동 (-17.021),석촌동 (-3.39),상봉동 (-1.538),양평동3가 (-44.444)
당주동 (-30.769),홍지동 (-17.5),영등포동7가 (-20.513),명륜1가 (-20.0),천호동 (-21.429),동숭동 (-20.0),과해동 (0.0),양화동 (-18.182),관훈동 (-3.448),평창동 (-2.532),명륜2가 (-44.828)
필운동 (-31.068),신월동 (-18.0),방이동 (-20.513),공평동 (-20.0),원남동 (-22.222),세곡동 (-20.408),길동 (0.0),삼성동 (-18.182),명일동 (-4.0),부암동 (-3.448),관수동 (-44.954)
천호동 (-31.25),영등포동5가 (-18.182),압구정동 (-20.548),삼청동 (-20.0),연건동 (-23.214),평동 (-21.429),영등포동6가 (0.0),서린동 (-18.75),영등포동5가 (-4.878),장사동 (-3.734),옥인동 (-46.491)
평동 (-31.579),명일동 (-20.0),청담동 (-21.053),신사동 (-20.29),신사동 (-23.636),인의동 (-21.951),가양동 (0.0),증산동 (-19.697),체부동 (-5.521),문래동5가 (-4.0),논현동 (-48.276)
과해동 (-33.333),당산동4가 (-20.0),율현동 (-21.429),문래동3가 (-20.69),일원동 (-25.0),신림동 (-22.222),문래동1가 (-1.818),관철동 (-20.0),홍지동 (-5.882),양평동2가 (-5.769),개포동 (-50.0)
화곡동 (-33.333),신문로1가 (-20.144),신길동 (-22.222),신월동 (-20.896),화곡동 (-25.0),마천동 (-22.5),목동 (-2.041),양평동3가 (-20.513),신문로1가 (-5.97),청진동 (-6.032),종로3가 (-50.0)
방화동 (-33.333),양평동2가 (-20.29),강일동 (-25.0),성내동 (-21.212),영등포동 (-25.0),부암동 (-23.529),응암동 (-3.125),잠실동 (-20.635),신림동 (-6.25),견지동 (-6.25),영등포동3가 (-50.0)
당산동4가 (-33.333),홍파동 (-21.667),양평동4가 (-25.0),가회동 (-21.429),종로1가 (-25.243),당산동6가 (-24.59),당산동4가 (-3.846),둔촌동 (-21.429),강일동 (-6.25),신림동 (-6.667),장지동 (-50.0)
영등포동 (-33.333),장사동 (-21.818),당산동4가 (-25.0),도선동 (-23.529),누하동 (-26.667),중화동 (-24.59),견지동 (-5.0),도곡동 (-21.622),목동 (-8.235),동숭동 (-6.944),삼전동 (-50.495)
길동 (-35.714),운니동 (-22.078),문래동4가 (-26.087),상봉동 (-23.729),영등포동7가 (-26.829),소격동 (-25.397),봉익동 (-5.0),옥인동 (-22.549),일원동 (-8.333),경운동 (-7.692),중화동 (-51.136)
영등포동7가 (-36.957),권농동 (-24.0),번동 (-26.471),봉익동 (-24.0),연지동 (-27.273),재동 (-26.667),종로6가 (-6.667),익선동 (-23.077),평동 (-8.333),종로6가 (-7.86),누하동 (-51.282)
봉익동 (-42.105),통의동 (-25.0),천호동 (-27.273),마천동 (-24.779),통의동 (-27.273),평창동 (-28.571),혜화동 (-7.143),교남동 (-25.385),마곡동 (-9.375),당산동5가 (-8.696),연지동 (-53.061)
염창동 (-42.857),중학동 (-25.0),안국동 (-28.571),갈현동 (-24.832),당산동5가 (-27.586),송파동 (-31.25),신림동 (-7.143),고덕동 (-25.926),공항동 (-9.434),증산동 (-10.0),남현동 (-54.545)
신영동 (-42.857),양화동 (-25.0),와룡동 (-30.0),개포동 (-26.667),방화동 (-28.571),와룡동 (-31.25),신문로1가 (-8.654),누하동 (-26.923),신정동 (-10.256),원남동 (-10.081),양평동5가 (-55.325)
망우동 (-50.0),도렴동 (-26.087),고덕동 (-31.818),당산동6가 (-27.941),영등포동3가 (-28.571),잠실동 (-31.818),관훈동 (-8.772),양평동6가 (-28.0),경운동 (-12.36),당주동 (-11.765),녹번동 (-55.556)
양평동4가 (-50.0),내수동 (-26.667),녹번동 (-32.877),관철동 (-28.571),번동 (-29.204),가양동 (-33.333),와룡동 (-9.091),종로5가 (-31.579),녹번동 (-13.415),원서동 (-14.286),양평동4가 (-55.556)
장지동 (-50.0),우이동 (-27.66),영등포동5가 (-33.333),양평동5가 (-28.571),종로6가 (-30.612),면목동 (-33.333),문래동4가 (-14.103),수유동 (-33.333),세곡동 (-14.583),성내동 (-15.686),암사동 (-56.098)
삼성동 (-50.0),성내동 (-30.0),양화동 (-33.333),당산동3가 (-28.889),문정동 (-30.769),수서동 (-33.333),신정동 (-15.385),효제동 (-33.333),문래동1가 (-14.634),번동 (-16.444),통의동 (-57.143)
개화동 (-50.0),구산동 (-30.769),일원동 (-33.333),송파동 (-31.429),청담동 (-30.769),문래동5가 (-35.0),명륜1가 (-16.667),명륜2가 (-35.185),서린동 (-15.385),과해동 (-16.667),효제동 (-57.778)
수유동 (-50.0),구기동 (-33.333),신영동 (-33.333),숭인동 (-33.333),창성동 (-32.143),명일동 (-35.0),종로5가 (-17.391),거여동 (-37.037),영등포동1가 (-15.596),둔촌동 (-17.647),율현동 (-58.824)
수서동 (-50.0),외발산동 (-33.333),nan (-36.364),당주동 (-33.333),역촌동 (-32.203),선유동 (-37.5),공평동 (-18.182),망우동 (-37.5),견지동 (-15.789),통의동 (-17.647),강일동 (-60.0)
당산동2가 (-50.0),내발산동 (-33.333),삼청동 (-37.5),경운동 (-33.929),외발산동 (-33.333),녹번동 (-43.548),미아동 (-20.0),송파동 (-37.736),인사동 (-16.393),영등포동 (-20.455),개화동 (-60.0)
견지동 (-54.545),면목동 (-33.333),영등포동2가 (-42.424),석촌동 (-34.211),권농동 (-38.462),내수동 (-46.154),암사동 (-20.513),외발산동 (-42.857),개화동 (-16.667),압구정동 (-21.359),방화동 (-60.87)
거여동 (-57.895),숭인동 (-36.538),구산동 (-44.444),영등포동2가 (-36.842),서린동 (-40.0),가회동 (-46.667),당주동 (-21.429),역촌동 (-43.558),묘동 (-18.182),수유동 (-22.222),구산동 (-61.404)
둔촌동 (-58.824),문래동1가 (-38.0),견지동 (-44.444),종로3가 (-38.235),낙원동 (-40.0),도선동 (-47.059),영등포동5가 (-21.429),안국동 (-45.833),당산동3가 (-21.127),면목동 (-22.222),익선동 (-61.538)
혜화동 (-60.0),영등포동6가 (-41.667),공평동 (-44.444),외발산동 (-40.0),문래동4가 (-44.578),일원동 (-50.0),nan (-25.0),내수동 (-46.154),삼성동 (-22.222),소격동 (-22.599),고덕동 (-62.857)
등촌동 (-60.0),과해동 (-50.0),문정동 (-48.837),망우동 (-41.667),익선동 (-45.455),둔촌동 (-60.0),마곡동 (-25.0),과해동 (-50.0),통의동 (-22.727),영등포동3가 (-23.077),신내동 (-63.636)
면목동 (-62.5),미아동 (-50.0),당산동 (-50.0),누하동 (-46.429),영등포동6가 (-50.0),방화동 (-60.0),천호동 (-26.316),양평동4가 (-55.556),와룡동 (-23.81),명륜2가 (-25.641),안국동 (-65.217)
선유동 (-62.5),재동 (-51.852),문래동5가 (-50.0),묘동 (-50.0),개화동 (-50.0),개화동 (-66.667),면목동 (-33.333),삼청동 (-66.667),미아동 (-25.0),봉천동 (-28.571),선유동 (-71.429)
가양동 (-66.667),원서동 (-52.941),관철동 (-50.704),신영동 (-50.0),염창동 (-55.556),당산동 (-69.231),구기동 (-40.0),당산동4가 (-68.0),양평동4가 (-25.0),등촌동 (-31.25),가양동 (-75.0)
삼청동 (-66.667),명륜1가 (-53.846),마곡동 (-57.143),원서동 (-55.0),삼성동 (-70.0),당산동2가 (-71.429),신내동 (-50.0),남현동 (-69.231),장지동 (-28.571),종로5가 (-33.333),망우동 (-76.471)
문래동5가 (-68.421),양평동6가 (-64.286),화곡동 (-61.538),남현동 (-57.143),망우동 (-71.429),장지동 (-80.0),봉천동 (-57.143),화곡동 (-71.429),영등포동6가 (-45.0),외발산동 (-42.857),내수동 (-80.952)
신내동 (-71.429),익선동 (-64.286),낙원동 (-66.667),논현동 (-75.0),구기동 (-83.333),묘동 (-83.333),율현동 (-62.5),가양동 (-75.0),염창동 (-50.0),양화동 (-44.828),묘동 (-82.353)
낙원동 (-85.714),봉천동 (-66.667),영등포동6가 (-85.714),당산동2가 (-92.308),수유동 (-87.5),양평동4가 (-83.333),낙원동 (-70.0),수서동 (-80.0),신영동 (-66.667),nan (-45.161),공평동 (-92.857)
신대방동 (nan),신대방동 (nan),신대방동 (nan),신대방동 (nan),신대방동 (nan),신대방동 (nan),신대방동 (nan),신대방동 (nan),신대방동 (nan),신대방동 (nan),신대방동 (nan)
을지로2가 (nan),을지로2가 (nan),을지로2가 (nan),을지로2가 (nan),을지로2가 (nan),을지로2가 (nan),을지로2가 (nan),을지로2가 (nan),을지로2가 (nan),을지로2가 (nan),을지로2가 (nan)
남산동1가 (nan),남산동1가 (nan),남산동1가 (nan),남산동1가 (nan),남산동1가 (nan),남산동1가 (nan),남산동1가 (nan),남산동1가 (nan),남산동1가 (nan),남산동1가 (nan),남산동1가 (nan)
신당동 (nan),신당동 (nan),신당동 (nan),신당동 (nan),신당동 (nan),신당동 (nan),신당동 (nan),신당동 (nan),신당동 (nan),신당동 (nan),신당동 (nan)
충무로5가 (nan),충무로5가 (nan),충무로5가 (nan),충무로5가 (nan),충무로5가 (nan),충무로5가 (nan),충무로5가 (nan),충무로5가 (nan),충무로5가 (nan),충무로5가 (nan),충무로5가 (nan)
을지로6가 (nan),을지로6가 (nan),을지로6가 (nan),을지로6가 (nan),을지로6가 (nan),을지로6가 (nan),을지로6가 (nan),을지로6가 (nan),을지로6가 (nan),을지로6가 (nan),을지로6가 (nan)
충무로1가 (nan),충무로1가 (nan),충무로1가 (nan),충무로1가 (nan),충무로1가 (nan),충무로1가 (nan),충무로1가 (nan),충무로1가 (nan),충무로1가 (nan),충무로1가 (nan),충무로1가 (nan)
소공동 (nan),소공동 (nan),소공동 (nan),소공동 (nan),소공동 (nan),소공동 (nan),소공동 (nan),소공동 (nan),소공동 (nan),소공동 (nan),소공동 (nan)
수하동 (nan),수하동 (nan),수하동 (nan),수하동 (nan),수하동 (nan),수하동 (nan),수하동 (nan),수하동 (nan),수하동 (nan),수하동 (nan),수하동 (nan)
주교동 (nan),주교동 (nan),주교동 (nan),주교동 (nan),주교동 (nan),주교동 (nan),주교동 (nan),주교동 (nan),주교동 (nan),주교동 (nan),주교동 (nan)
남창동 (nan),남창동 (nan),남창동 (nan),남창동 (nan),남창동 (nan),남창동 (nan),남창동 (nan),남창동 (nan),남창동 (nan),남창동 (nan),남창동 (nan)
무학동 (nan),무학동 (nan),무학동 (nan),무학동 (nan),무학동 (nan),무학동 (nan),무학동 (nan),무학동 (nan),무학동 (nan),무학동 (nan),무학동 (nan)
중림동 (nan),중림동 (nan),중림동 (nan),중림동 (nan),중림동 (nan),중림동 (nan),중림동 (nan),중림동 (nan),중림동 (nan),중림동 (nan),중림동 (nan)
명동2가 (nan),명동2가 (nan),명동2가 (nan),명동2가 (nan),명동2가 (nan),명동2가 (nan),명동2가 (nan),명동2가 (nan),명동2가 (nan),명동2가 (nan),명동2가 (nan)
북창동 (nan),북창동 (nan),북창동 (nan),북창동 (nan),북창동 (nan),북창동 (nan),북창동 (nan),북창동 (nan),북창동 (nan),북창동 (nan),북창동 (nan)
쌍림동 (nan),쌍림동 (nan),쌍림동 (nan),쌍림동 (nan),쌍림동 (nan),쌍림동 (nan),쌍림동 (nan),쌍림동 (nan),쌍림동 (nan),쌍림동 (nan),쌍림동 (nan)
초동 (nan),초동 (nan),초동 (nan),초동 (nan),초동 (nan),초동 (nan),초동 (nan),초동 (nan),초동 (nan),초동 (nan),초동 (nan)
충무로2가 (nan),충무로2가 (nan),충무로2가 (nan),충무로2가 (nan),충무로2가 (nan),충무로2가 (nan),충무로2가 (nan),충무로2가 (nan),충무로2가 (nan),충무로2가 (nan),충무로2가 (nan)
수표동 (nan),수표동 (nan),수표동 (nan),수표동 (nan),수표동 (nan),수표동 (nan),수표동 (nan),수표동 (nan),수표동 (nan),수표동 (nan),수표동 (nan)
충무로4가 (nan),충무로4가 (nan),충무로4가 (nan),충무로4가 (nan),충무로4가 (nan),충무로4가 (nan),충무로4가 (nan),충무로4가 (nan),충무로4가 (nan),충무로4가 (nan),충무로4가 (nan)
남대문로5가 (nan),남대문로5가 (nan),남대문로5가 (nan),남대문로5가 (nan),남대문로5가 (nan),남대문로5가 (nan),남대문로5가 (nan),남대문로5가 (nan),남대문로5가 (nan),남대문로5가 (nan),남대문로5가 (nan)
장충동2가 (nan),장충동2가 (nan),장충동2가 (nan),장충동2가 (nan),장충동2가 (nan),장충동2가 (nan),장충동2가 (nan),장충동2가 (nan),장충동2가 (nan),장충동2가 (nan),장충동2가 (nan)
태평로1가 (nan),태평로1가 (nan),태평로1가 (nan),태평로1가 (nan),태평로1가 (nan),태평로1가 (nan),태평로1가 (nan),태평로1가 (nan),태평로1가 (nan),태평로1가 (nan),태평로1가 (nan)
순화동 (nan),순화동 (nan),순화동 (nan),순화동 (nan),순화동 (nan),순화동 (nan),순화동 (nan),순화동 (nan),순화동 (nan),순화동 (nan),순화동 (nan)
남산동2가 (nan),남산동2가 (nan),남산동2가 (nan),남산동2가 (nan),남산동2가 (nan),남산동2가 (nan),남산동2가 (nan),남산동2가 (nan),남산동2가 (nan),남산동2가 (nan),남산동2가 (nan)
무교동 (nan),무교동 (nan),무교동 (nan),무교동 (nan),무교동 (nan),무교동 (nan),무교동 (nan),무교동 (nan),무교동 (nan),무교동 (nan),무교동 (nan)
회현동2가 (nan),회현동2가 (nan),회현동2가 (nan),회현동2가 (nan),회현동2가 (nan),회현동2가 (nan),회현동2가 (nan),회현동2가 (nan),회현동2가 (nan),회현동2가 (nan),회현동2가 (nan)
저동2가 (nan),저동2가 (nan),저동2가 (nan),저동2가 (nan),저동2가 (nan),저동2가 (nan),저동2가 (nan),저동2가 (nan),저동2가 (nan),저동2가 (nan),저동2가 (nan)
필동2가 (nan),필동2가 (nan),필동2가 (nan),필동2가 (nan),필동2가 (nan),필동2가 (nan),필동2가 (nan),필동2가 (nan),필동2가 (nan),필동2가 (nan),필동2가 (nan)
회현동1가 (nan),회현동1가 (nan),회현동1가 (nan),회현동1가 (nan),회현동1가 (nan),회현동1가 (nan),회현동1가 (nan),회현동1가 (nan),회현동1가 (nan),회현동1가 (nan),회현동1가 (nan)
황학동 (nan),황학동 (nan),황학동 (nan),황학동 (nan),황학동 (nan),황학동 (nan),황학동 (nan),황학동 (nan),황학동 (nan),황학동 (nan),황학동 (nan)
인현동1가 (nan),인현동1가 (nan),인현동1가 (nan),인현동1가 (nan),인현동1가 (nan),인현동1가 (nan),인현동1가 (nan),인현동1가 (nan),인현동1가 (nan),인현동1가 (nan),인현동1가 (nan)
다동 (nan),다동 (nan),다동 (nan),다동 (nan),다동 (nan),다동 (nan),다동 (nan),다동 (nan),다동 (nan),다동 (nan),다동 (nan)
태평로2가 (nan),태평로2가 (nan),태평로2가 (nan),태평로2가 (nan),태평로2가 (nan),태평로2가 (nan),태평로2가 (nan),태평로2가 (nan),태평로2가 (nan),태평로2가 (nan),태평로2가 (nan)
을지로3가 (nan),을지로3가 (nan),을지로3가 (nan),을지로3가 (nan),을지로3가 (nan),을지로3가 (nan),을지로3가 (nan),을지로3가 (nan),을지로3가 (nan),을지로3가 (nan),을지로3가 (nan)
명동1가 (nan),명동1가 (nan),명동1가 (nan),명동1가 (nan),명동1가 (nan),명동1가 (nan),명동1가 (nan),명동1가 (nan),명동1가 (nan),명동1가 (nan),명동1가 (nan)
필동1가 (nan),필동1가 (nan),필동1가 (nan),필동1가 (nan),필동1가 (nan),필동1가 (nan),필동1가 (nan),필동1가 (nan),필동1가 (nan),필동1가 (nan),필동1가 (nan)
남대문로4가 (nan),남대문로4가 (nan),남대문로4가 (nan),남대문로4가 (nan),남대문로4가 (nan),남대문로4가 (nan),남대문로4가 (nan),남대문로4가 (nan),남대문로4가 (nan),남대문로4가 (nan),남대문로4가 (nan)
서소문동 (nan),서소문동 (nan),서소문동 (nan),서소문동 (nan),서소문동 (nan),서소문동 (nan),서소문동 (nan),서소문동 (nan),서소문동 (nan),서소문동 (nan),서소문동 (nan)
필동3가 (nan),필동3가 (nan),필동3가 (nan),필동3가 (nan),필동3가 (nan),필동3가 (nan),필동3가 (nan),필동3가 (nan),필동3가 (nan),필동3가 (nan),필동3가 (nan)
입정동 (nan),입정동 (nan),입정동 (nan),입정동 (nan),입정동 (nan),입정동 (nan),입정동 (nan),입정동 (nan),입정동 (nan),입정동 (nan),입정동 (nan)
남대문로2가 (nan),남대문로2가 (nan),남대문로2가 (nan),남대문로2가 (nan),남대문로2가 (nan),남대문로2가 (nan),남대문로2가 (nan),남대문로2가 (nan),남대문로2가 (nan),남대문로2가 (nan),남대문로2가 (nan)
충무로3가 (nan),충무로3가 (nan),충무로3가 (nan),충무로3가 (nan),충무로3가 (nan),충무로3가 (nan),충무로3가 (nan),충무로3가 (nan),충무로3가 (nan),충무로3가 (nan),충무로3가 (nan)
을지로4가 (nan),을지로4가 (nan),을지로4가 (nan),을지로4가 (nan),을지로4가 (nan),을지로4가 (nan),을지로4가 (nan),을지로4가 (nan),을지로4가 (nan),을지로4가 (nan),을지로4가 (nan)
예관동 (nan),예관동 (nan),예관동 (nan),예관동 (nan),예관동 (nan),예관동 (nan),예관동 (nan),예관동 (nan),예관동 (nan),예관동 (nan),예관동 (nan)
오장동 (nan),오장동 (nan),오장동 (nan),오장동 (nan),오장동 (nan),오장동 (nan),오장동 (nan),오장동 (nan),오장동 (nan),오장동 (nan),오장동 (nan)
인현동2가 (nan),인현동2가 (nan),인현동2가 (nan),인현동2가 (nan),인현동2가 (nan),인현동2가 (nan),인현동2가 (nan),인현동2가 (nan),인현동2가 (nan),인현동2가 (nan),인현동2가 (nan)
남대문로3가 (nan),남대문로3가 (nan),남대문로3가 (nan),남대문로3가 (nan),남대문로3가 (nan),남대문로3가 (nan),남대문로3가 (nan),남대문로3가 (nan),남대문로3가 (nan),남대문로3가 (nan),남대문로3가 (nan)
만리동1가 (nan),만리동1가 (nan),만리동1가 (nan),만리동1가 (nan),만리동1가 (nan),만리동1가 (nan),만리동1가 (nan),만리동1가 (nan),만리동1가 (nan),만리동1가 (nan),만리동1가 (nan)
산림동 (nan),산림동 (nan),산림동 (nan),산림동 (nan),산림동 (nan),산림동 (nan),산림동 (nan),산림동 (nan),산림동 (nan),산림동 (nan),산림동 (nan)
저동1가 (nan),저동1가 (nan),저동1가 (nan),저동1가 (nan),저동1가 (nan),저동1가 (nan),저동1가 (nan),저동1가 (nan),저동1가 (nan),저동1가 (nan),저동1가 (nan)
만리동2가 (nan),만리동2가 (nan),만리동2가 (nan),만리동2가 (nan),만리동2가 (nan),만리동2가 (nan),만리동2가 (nan),만리동2가 (nan),만리동2가 (nan),만리동2가 (nan),만리동2가 (nan)
흥인동 (nan),흥인동 (nan),흥인동 (nan),흥인동 (nan),흥인동 (nan),흥인동 (nan),흥인동 (nan),흥인동 (nan),흥인동 (nan),흥인동 (nan),흥인동 (nan)
광희동1가 (nan),광희동1가 (nan),광희동1가 (nan),광희동1가 (nan),광희동1가 (nan),광희동1가 (nan),광희동1가 (nan),광희동1가 (nan),광희동1가 (nan),광희동1가 (nan),광희동1가 (nan)
예장동 (nan),예장동 (nan),예장동 (nan),예장동 (nan),예장동 (nan),예장동 (nan),예장동 (nan),예장동 (nan),예장동 (nan),예장동 (nan),예장동 (nan)
을지로1가 (nan),을지로1가 (nan),을지로1가 (nan),을지로1가 (nan),을지로1가 (nan),을지로1가 (nan),을지로1가 (nan),을지로1가 (nan),을지로1가 (nan),을지로1가 (nan),을지로1가 (nan)
장교동 (nan),장교동 (nan),장교동 (nan),장교동 (nan),장교동 (nan),장교동 (nan),장교동 (nan),장교동 (nan),장교동 (nan),장교동 (nan),장교동 (nan)
장충동1가 (nan),장충동1가 (nan),장충동1가 (nan),장충동1가 (nan),장충동1가 (nan),장충동1가 (nan),장충동1가 (nan),장충동1가 (nan),장충동1가 (nan),장충동1가 (nan),장충동1가 (nan)
정동 (nan),정동 (nan),정동 (nan),정동 (nan),정동 (nan),정동 (nan),정동 (nan),정동 (nan),정동 (nan),정동 (nan),정동 (nan)
남산동3가 (nan),남산동3가 (nan),남산동3가 (nan),남산동3가 (nan),남산동3가 (nan),남산동3가 (nan),남산동3가 (nan),남산동3가 (nan),남산동3가 (nan),남산동3가 (nan),남산동3가 (nan)
묵정동 (nan),묵정동 (nan),묵정동 (nan),묵정동 (nan),묵정동 (nan),묵정동 (nan),묵정동 (nan),묵정동 (nan),묵정동 (nan),묵정동 (nan),묵정동 (nan)
봉래동1가 (nan),봉래동1가 (nan),봉래동1가 (nan),봉래동1가 (nan),봉래동1가 (nan),봉래동1가 (nan),봉래동1가 (nan),봉래동1가 (nan),봉래동1가 (nan),봉래동1가 (nan),봉래동1가 (nan)
충정로1가 (nan),충정로1가 (nan),충정로1가 (nan),충정로1가 (nan),충정로1가 (nan),충정로1가 (nan),충정로1가 (nan),충정로1가 (nan),충정로1가 (nan),충정로1가 (nan),충정로1가 (nan)
회현동3가 (nan),회현동3가 (nan),회현동3가 (nan),회현동3가 (nan),회현동3가 (nan),회현동3가 (nan),회현동3가 (nan),회현동3가 (nan),회현동3가 (nan),회현동3가 (nan),회현동3가 (nan)
개봉동 (nan),개봉동 (nan),개봉동 (nan),개봉동 (nan),개봉동 (nan),개봉동 (nan),개봉동 (nan),개봉동 (nan),개봉동 (nan),개봉동 (nan),개봉동 (nan)
구로동 (nan),구로동 (nan),구로동 (nan),구로동 (nan),구로동 (nan),구로동 (nan),구로동 (nan),구로동 (nan),구로동 (nan),구로동 (nan),구로동 (nan)
천왕동 (nan),천왕동 (nan),천왕동 (nan),천왕동 (nan),천왕동 (nan),천왕동 (nan),천왕동 (nan),천왕동 (nan),천왕동 (nan),천왕동 (nan),천왕동 (nan)
온수동 (nan),온수동 (nan),온수동 (nan),온수동 (nan),온수동 (nan),온수동 (nan),온수동 (nan),온수동 (nan),온수동 (nan),온수동 (nan),온수동 (nan)
신도림동 (nan),신도림동 (nan),신도림동 (nan),신도림동 (nan),신도림동 (nan),신도림동 (nan),신도림동 (nan),신도림동 (nan),신도림동 (nan),신도림동 (nan),신도림동 (nan)
오류동 (nan),오류동 (nan),오류동 (nan),오류동 (nan),오류동 (nan),오류동 (nan),오류동 (nan),오류동 (nan),오류동 (nan),오류동 (nan),오류동 (nan)
고척동 (nan),고척동 (nan),고척동 (nan),고척동 (nan),고척동 (nan),고척동 (nan),고척동 (nan),고척동 (nan),고척동 (nan),고척동 (nan),고척동 (nan)
가리봉동 (nan),가리봉동 (nan),가리봉동 (nan),가리봉동 (nan),가리봉동 (nan),가리봉동 (nan),가리봉동 (nan),가리봉동 (nan),가리봉동 (nan),가리봉동 (nan),가리봉동 (nan)
궁동 (nan),궁동 (nan),궁동 (nan),궁동 (nan),궁동 (nan),궁동 (nan),궁동 (nan),궁동 (nan),궁동 (nan),궁동 (nan),궁동 (nan)
항동 (nan),항동 (nan),항동 (nan),항동 (nan),항동 (nan),항동 (nan),항동 (nan),항동 (nan),항동 (nan),항동 (nan),항동 (nan)
창동 (nan),창동 (nan),창동 (nan),창동 (nan),창동 (nan),창동 (nan),창동 (nan),창동 (nan),창동 (nan),창동 (nan),창동 (nan)
쌍문동 (nan),쌍문동 (nan),쌍문동 (nan),쌍문동 (nan),쌍문동 (nan),쌍문동 (nan),쌍문동 (nan),쌍문동 (nan),쌍문동 (nan),쌍문동 (nan),쌍문동 (nan)
도봉동 (nan),도봉동 (nan),도봉동 (nan),도봉동 (nan),도봉동 (nan),도봉동 (nan),도봉동 (nan),도봉동 (nan),도봉동 (nan),도봉동 (nan),도봉동 (nan)
방학동 (nan),방학동 (nan),방학동 (nan),방학동 (nan),방학동 (nan),방학동 (nan),방학동 (nan),방학동 (nan),방학동 (nan),방학동 (nan),방학동 (nan)
시흥동 (nan),시흥동 (nan),시흥동 (nan),시흥동 (nan),시흥동 (nan),시흥동 (nan),시흥동 (nan),시흥동 (nan),시흥동 (nan),시흥동 (nan),시흥동 (nan)
독산동 (nan),독산동 (nan),독산동 (nan),독산동 (nan),독산동 (nan),독산동 (nan),독산동 (nan),독산동 (nan),독산동 (nan),독산동 (nan),독산동 (nan)
가산동 (nan),가산동 (nan),가산동 (nan),가산동 (nan),가산동 (nan),가산동 (nan),가산동 (nan),가산동 (nan),가산동 (nan),가산동 (nan),가산동 (nan)
자양동 (nan),자양동 (nan),자양동 (nan),자양동 (nan),자양동 (nan),자양동 (nan),자양동 (nan),자양동 (nan),자양동 (nan),자양동 (nan),자양동 (nan)
화양동 (nan),화양동 (nan),화양동 (nan),화양동 (nan),화양동 (nan),화양동 (nan),화양동 (nan),화양동 (nan),화양동 (nan),화양동 (nan),화양동 (nan)
광장동 (nan),광장동 (nan),광장동 (nan),광장동 (nan),광장동 (nan),광장동 (nan),광장동 (nan),광장동 (nan),광장동 (nan),광장동 (nan),광장동 (nan)
중곡동 (nan),중곡동 (nan),중곡동 (nan),중곡동 (nan),중곡동 (nan),중곡동 (nan),중곡동 (nan),중곡동 (nan),중곡동 (nan),중곡동 (nan),중곡동 (nan)
구의동 (nan),구의동 (nan),구의동 (nan),구의동 (nan),구의동 (nan),구의동 (nan),구의동 (nan),구의동 (nan),구의동 (nan),구의동 (nan),구의동 (nan)
군자동 (nan),군자동 (nan),군자동 (nan),군자동 (nan),군자동 (nan),군자동 (nan),군자동 (nan),군자동 (nan),군자동 (nan),군자동 (nan),군자동 (nan)
능동 (nan),능동 (nan),능동 (nan),능동 (nan),능동 (nan),능동 (nan),능동 (nan),능동 (nan),능동 (nan),능동 (nan),능동 (nan)
상계동 (nan),상계동 (nan),상계동 (nan),상계동 (nan),상계동 (nan),상계동 (nan),상계동 (nan),상계동 (nan),상계동 (nan),상계동 (nan),상계동 (nan)
월계동 (nan),월계동 (nan),월계동 (nan),월계동 (nan),월계동 (nan),월계동 (nan),월계동 (nan),월계동 (nan),월계동 (nan),월계동 (nan),월계동 (nan)
공릉동 (nan),공릉동 (nan),공릉동 (nan),공릉동 (nan),공릉동 (nan),공릉동 (nan),공릉동 (nan),공릉동 (nan),공릉동 (nan),공릉동 (nan),공릉동 (nan)
하계동 (nan),하계동 (nan),하계동 (nan),하계동 (nan),하계동 (nan),하계동 (nan),하계동 (nan),하계동 (nan),하계동 (nan),하계동 (nan),하계동 (nan)
중계동 (nan),중계동 (nan),중계동 (nan),중계동 (nan),중계동 (nan),중계동 (nan),중계동 (nan),중계동 (nan),중계동 (nan),중계동 (nan),중계동 (nan)
한강로1가 (nan),한강로1가 (nan),한강로1가 (nan),한강로1가 (nan),한강로1가 (nan),한강로1가 (nan),한강로1가 (nan),한강로1가 (nan),한강로1가 (nan),한강로1가 (nan),한강로1가 (nan)
갈월동 (nan),갈월동 (nan),갈월동 (nan),갈월동 (nan),갈월동 (nan),갈월동 (nan),갈월동 (nan),갈월동 (nan),갈월동 (nan),갈월동 (nan),갈월동 (nan)
청파동2가 (nan),청파동2가 (nan),청파동2가 (nan),청파동2가 (nan),청파동2가 (nan),청파동2가 (nan),청파동2가 (nan),청파동2가 (nan),청파동2가 (nan),청파동2가 (nan),청파동2가 (nan)
한남동 (nan),한남동 (nan),한남동 (nan),한남동 (nan),한남동 (nan),한남동 (nan),한남동 (nan),한남동 (nan),한남동 (nan),한남동 (nan),한남동 (nan)
효창동 (nan),효창동 (nan),효창동 (nan),효창동 (nan),효창동 (nan),효창동 (nan),효창동 (nan),효창동 (nan),효창동 (nan),효창동 (nan),효창동 (nan)
후암동 (nan),후암동 (nan),후암동 (nan),후암동 (nan),후암동 (nan),후암동 (nan),후암동 (nan),후암동 (nan),후암동 (nan),후암동 (nan),후암동 (nan)
원효로2가 (nan),원효로2가 (nan),원효로2가 (nan),원효로2가 (nan),원효로2가 (nan),원효로2가 (nan),원효로2가 (nan),원효로2가 (nan),원효로2가 (nan),원효로2가 (nan),원효로2가 (nan)
이태원동 (nan),이태원동 (nan),이태원동 (nan),이태원동 (nan),이태원동 (nan),이태원동 (nan),이태원동 (nan),이태원동 (nan),이태원동 (nan),이태원동 (nan),이태원동 (nan)
한강로3가 (nan),한강로3가 (nan),한강로3가 (nan),한강로3가 (nan),한강로3가 (nan),한강로3가 (nan),한강로3가 (nan),한강로3가 (nan),한강로3가 (nan),한강로3가 (nan),한강로3가 (nan)
한강로2가 (nan),한강로2가 (nan),한강로2가 (nan),한강로2가 (nan),한강로2가 (nan),한강로2가 (nan),한강로2가 (nan),한강로2가 (nan),한강로2가 (nan),한강로2가 (nan),한강로2가 (nan)
용산동2가 (nan),용산동2가 (nan),용산동2가 (nan),용산동2가 (nan),용산동2가 (nan),용산동2가 (nan),용산동2가 (nan),용산동2가 (nan),용산동2가 (nan),용산동2가 (nan),용산동2가 (nan)
보광동 (nan),보광동 (nan),보광동 (nan),보광동 (nan),보광동 (nan),보광동 (nan),보광동 (nan),보광동 (nan),보광동 (nan),보광동 (nan),보광동 (nan)
남영동 (nan),남영동 (nan),남영동 (nan),남영동 (nan),남영동 (nan),남영동 (nan),남영동 (nan),남영동 (nan),남영동 (nan),남영동 (nan),남영동 (nan)
서계동 (nan),서계동 (nan),서계동 (nan),서계동 (nan),서계동 (nan),서계동 (nan),서계동 (nan),서계동 (nan),서계동 (nan),서계동 (nan),서계동 (nan)
원효로3가 (nan),원효로3가 (nan),원효로3가 (nan),원효로3가 (nan),원효로3가 (nan),원효로3가 (nan),원효로3가 (nan),원효로3가 (nan),원효로3가 (nan),원효로3가 (nan),원효로3가 (nan)
청파동3가 (nan),청파동3가 (nan),청파동3가 (nan),청파동3가 (nan),청파동3가 (nan),청파동3가 (nan),청파동3가 (nan),청파동3가 (nan),청파동3가 (nan),청파동3가 (nan),청파동3가 (nan)
용문동 (nan),용문동 (nan),용문동 (nan),용문동 (nan),용문동 (nan),용문동 (nan),용문동 (nan),용문동 (nan),용문동 (nan),용문동 (nan),용문동 (nan)
용산동3가 (nan),용산동3가 (nan),용산동3가 (nan),용산동3가 (nan),용산동3가 (nan),용산동3가 (nan),용산동3가 (nan),용산동3가 (nan),용산동3가 (nan),용산동3가 (nan),용산동3가 (nan)
동자동 (nan),동자동 (nan),동자동 (nan),동자동 (nan),동자동 (nan),동자동 (nan),동자동 (nan),동자동 (nan),동자동 (nan),동자동 (nan),동자동 (nan)
이촌동 (nan),이촌동 (nan),이촌동 (nan),이촌동 (nan),이촌동 (nan),이촌동 (nan),이촌동 (nan),이촌동 (nan),이촌동 (nan),이촌동 (nan),이촌동 (nan)
동빙고동 (nan),동빙고동 (nan),동빙고동 (nan),동빙고동 (nan),동빙고동 (nan),동빙고동 (nan),동빙고동 (nan),동빙고동 (nan),동빙고동 (nan),동빙고동 (nan),동빙고동 (nan)
청파동1가 (nan),청파동1가 (nan),청파동1가 (nan),청파동1가 (nan),청파동1가 (nan),청파동1가 (nan),청파동1가 (nan),청파동1가 (nan),청파동1가 (nan),청파동1가 (nan),청파동1가 (nan)
신계동 (nan),신계동 (nan),신계동 (nan),신계동 (nan),신계동 (nan),신계동 (nan),신계동 (nan),신계동 (nan),신계동 (nan),신계동 (nan),신계동 (nan)
원효로1가 (nan),원효로1가 (nan),원효로1가 (nan),원효로1가 (nan),원효로1가 (nan),원효로1가 (nan),원효로1가 (nan),원효로1가 (nan),원효로1가 (nan),원효로1가 (nan),원효로1가 (nan)
원효로4가 (nan),원효로4가 (nan),원효로4가 (nan),원효로4가 (nan),원효로4가 (nan),원효로4가 (nan),원효로4가 (nan),원효로4가 (nan),원효로4가 (nan),원효로4가 (nan),원효로4가 (nan)
문배동 (nan),문배동 (nan),문배동 (nan),문배동 (nan),문배동 (nan),문배동 (nan),문배동 (nan),문배동 (nan),문배동 (nan),문배동 (nan),문배동 (nan)
산천동 (nan),산천동 (nan),산천동 (nan),산천동 (nan),산천동 (nan),산천동 (nan),산천동 (nan),산천동 (nan),산천동 (nan),산천동 (nan),산천동 (nan)
서교동 (nan),서교동 (nan),서교동 (nan),서교동 (nan),서교동 (nan),서교동 (nan),서교동 (nan),서교동 (nan),서교동 (nan),서교동 (nan),서교동 (nan)
제기동 (nan),제기동 (nan),제기동 (nan),제기동 (nan),제기동 (nan),제기동 (nan),제기동 (nan),제기동 (nan),제기동 (nan),제기동 (nan),제기동 (nan)
전농동 (nan),전농동 (nan),전농동 (nan),전농동 (nan),전농동 (nan),전농동 (nan),전농동 (nan),전농동 (nan),전농동 (nan),전농동 (nan),전농동 (nan)
장안동 (nan),장안동 (nan),장안동 (nan),장안동 (nan),장안동 (nan),장안동 (nan),장안동 (nan),장안동 (nan),장안동 (nan),장안동 (nan),장안동 (nan)
회기동 (nan),회기동 (nan),회기동 (nan),회기동 (nan),회기동 (nan),회기동 (nan),회기동 (nan),회기동 (nan),회기동 (nan),회기동 (nan),회기동 (nan)
답십리동 (nan),답십리동 (nan),답십리동 (nan),답십리동 (nan),답십리동 (nan),답십리동 (nan),답십리동 (nan),답십리동 (nan),답십리동 (nan),답십리동 (nan),답십리동 (nan)
이문동 (nan),이문동 (nan),이문동 (nan),이문동 (nan),이문동 (nan),이문동 (nan),이문동 (nan),이문동 (nan),이문동 (nan),이문동 (nan),이문동 (nan)
신설동 (nan),신설동 (nan),신설동 (nan),신설동 (nan),신설동 (nan),신설동 (nan),신설동 (nan),신설동 (nan),신설동 (nan),신설동 (nan),신설동 (nan)
청량리동 (nan),청량리동 (nan),청량리동 (nan),청량리동 (nan),청량리동 (nan),청량리동 (nan),청량리동 (nan),청량리동 (nan),청량리동 (nan),청량리동 (nan),청량리동 (nan)
용두동 (nan),용두동 (nan),용두동 (nan),용두동 (nan),용두동 (nan),용두동 (nan),용두동 (nan),용두동 (nan),용두동 (nan),용두동 (nan),용두동 (nan)
휘경동 (nan),휘경동 (nan),휘경동 (nan),휘경동 (nan),휘경동 (nan),휘경동 (nan),휘경동 (nan),휘경동 (nan),휘경동 (nan),휘경동 (nan),휘경동 (nan)
노량진동 (nan),노량진동 (nan),노량진동 (nan),노량진동 (nan),노량진동 (nan),노량진동 (nan),노량진동 (nan),노량진동 (nan),노량진동 (nan),노량진동 (nan),노량진동 (nan)
상도동 (nan),상도동 (nan),상도동 (nan),상도동 (nan),상도동 (nan),상도동 (nan),상도동 (nan),상도동 (nan),상도동 (nan),상도동 (nan),상도동 (nan)
사당동 (nan),사당동 (nan),사당동 (nan),사당동 (nan),사당동 (nan),사당동 (nan),사당동 (nan),사당동 (nan),사당동 (nan),사당동 (nan),사당동 (nan)
흑석동 (nan),흑석동 (nan),흑석동 (nan),흑석동 (nan),흑석동 (nan),흑석동 (nan),흑석동 (nan),흑석동 (nan),흑석동 (nan),흑석동 (nan),흑석동 (nan)
대방동 (nan),대방동 (nan),대방동 (nan),대방동 (nan),대방동 (nan),대방동 (nan),대방동 (nan),대방동 (nan),대방동 (nan),대방동 (nan),대방동 (nan)
본동 (nan),본동 (nan),본동 (nan),본동 (nan),본동 (nan),본동 (nan),본동 (nan),본동 (nan),본동 (nan),본동 (nan),본동 (nan)
상도1동 (nan),상도1동 (nan),상도1동 (nan),상도1동 (nan),상도1동 (nan),상도1동 (nan),상도1동 (nan),상도1동 (nan),상도1동 (nan),상도1동 (nan),상도1동 (nan)
동작동 (nan),동작동 (nan),동작동 (nan),동작동 (nan),동작동 (nan),동작동 (nan),동작동 (nan),동작동 (nan),동작동 (nan),동작동 (nan),동작동 (nan)
상암동 (nan),상암동 (nan),상암동 (nan),상암동 (nan),상암동 (nan),상암동 (nan),상암동 (nan),상암동 (nan),상암동 (nan),상암동 (nan),상암동 (nan)
연남동 (nan),연남동 (nan),연남동 (nan),연남동 (nan),연남동 (nan),연남동 (nan),연남동 (nan),연남동 (nan),연남동 (nan),연남동 (nan),연남동 (nan)
염리동 (nan),염리동 (nan),염리동 (nan),염리동 (nan),염리동 (nan),염리동 (nan),염리동 (nan),염리동 (nan),염리동 (nan),염리동 (nan),염리동 (nan)
공덕동 (nan),공덕동 (nan),공덕동 (nan),공덕동 (nan),공덕동 (nan),공덕동 (nan),공덕동 (nan),공덕동 (nan),공덕동 (nan),공덕동 (nan),공덕동 (nan)
성산동 (nan),성산동 (nan),성산동 (nan),성산동 (nan),성산동 (nan),성산동 (nan),성산동 (nan),성산동 (nan),성산동 (nan),성산동 (nan),성산동 (nan)
도화동 (nan),도화동 (nan),도화동 (nan),도화동 (nan),도화동 (nan),도화동 (nan),도화동 (nan),도화동 (nan),도화동 (nan),도화동 (nan),도화동 (nan)
망원동 (nan),망원동 (nan),망원동 (nan),망원동 (nan),망원동 (nan),망원동 (nan),망원동 (nan),망원동 (nan),망원동 (nan),망원동 (nan),망원동 (nan)
창전동 (nan),창전동 (nan),창전동 (nan),창전동 (nan),창전동 (nan),창전동 (nan),창전동 (nan),창전동 (nan),창전동 (nan),창전동 (nan),창전동 (nan)
대흥동 (nan),대흥동 (nan),대흥동 (nan),대흥동 (nan),대흥동 (nan),대흥동 (nan),대흥동 (nan),대흥동 (nan),대흥동 (nan),대흥동 (nan),대흥동 (nan)
마포동 (nan),마포동 (nan),마포동 (nan),마포동 (nan),마포동 (nan),마포동 (nan),마포동 (nan),마포동 (nan),마포동 (nan),마포동 (nan),마포동 (nan)
동교동 (nan),동교동 (nan),동교동 (nan),동교동 (nan),동교동 (nan),동교동 (nan),동교동 (nan),동교동 (nan),동교동 (nan),동교동 (nan),동교동 (nan)
용강동 (nan),용강동 (nan),용강동 (nan),용강동 (nan),용강동 (nan),용강동 (nan),용강동 (nan),용강동 (nan),용강동 (nan),용강동 (nan),용강동 (nan)
합정동 (nan),합정동 (nan),합정동 (nan),합정동 (nan),합정동 (nan),합정동 (nan),합정동 (nan),합정동 (nan),합정동 (nan),합정동 (nan),합정동 (nan)
상수동 (nan),상수동 (nan),상수동 (nan),상수동 (nan),상수동 (nan),상수동 (nan),상수동 (nan),상수동 (nan),상수동 (nan),상수동 (nan),상수동 (nan)
신수동 (nan),신수동 (nan),신수동 (nan),신수동 (nan),신수동 (nan),신수동 (nan),신수동 (nan),신수동 (nan),신수동 (nan),신수동 (nan),신수동 (nan)
노고산동 (nan),노고산동 (nan),노고산동 (nan),노고산동 (nan),노고산동 (nan),노고산동 (nan),노고산동 (nan),노고산동 (nan),노고산동 (nan),노고산동 (nan),노고산동 (nan)
아현동 (nan),아현동 (nan),아현동 (nan),아현동 (nan),아현동 (nan),아현동 (nan),아현동 (nan),아현동 (nan),아현동 (nan),아현동 (nan),아현동 (nan)
신공덕동 (nan),신공덕동 (nan),신공덕동 (nan),신공덕동 (nan),신공덕동 (nan),신공덕동 (nan),신공덕동 (nan),신공덕동 (nan),신공덕동 (nan),신공덕동 (nan),신공덕동 (nan)
중동 (nan),중동 (nan),중동 (nan),중동 (nan),중동 (nan),중동 (nan),중동 (nan),중동 (nan),중동 (nan),중동 (nan),중동 (nan)
현석동 (nan),현석동 (nan),현석동 (nan),현석동 (nan),현석동 (nan),현석동 (nan),현석동 (nan),현석동 (nan),현석동 (nan),현석동 (nan),현석동 (nan)
구수동 (nan),구수동 (nan),구수동 (nan),구수동 (nan),구수동 (nan),구수동 (nan),구수동 (nan),구수동 (nan),구수동 (nan),구수동 (nan),구수동 (nan)
토정동 (nan),토정동 (nan),토정동 (nan),토정동 (nan),토정동 (nan),토정동 (nan),토정동 (nan),토정동 (nan),토정동 (nan),토정동 (nan),토정동 (nan)
당인동 (nan),당인동 (nan),당인동 (nan),당인동 (nan),당인동 (nan),당인동 (nan),당인동 (nan),당인동 (nan),당인동 (nan),당인동 (nan),당인동 (nan)
방배동 (nan),방배동 (nan),방배동 (nan),방배동 (nan),방배동 (nan),방배동 (nan),방배동 (nan),방배동 (nan),방배동 (nan),방배동 (nan),방배동 (nan)
서초동 (nan),서초동 (nan),서초동 (nan),서초동 (nan),서초동 (nan),서초동 (nan),서초동 (nan),서초동 (nan),서초동 (nan),서초동 (nan),서초동 (nan)
반포동 (nan),반포동 (nan),반포동 (nan),반포동 (nan),반포동 (nan),반포동 (nan),반포동 (nan),반포동 (nan),반포동 (nan),반포동 (nan),반포동 (nan)
양재동 (nan),양재동 (nan),양재동 (nan),양재동 (nan),양재동 (nan),양재동 (nan),양재동 (nan),양재동 (nan),양재동 (nan),양재동 (nan),양재동 (nan)
잠원동 (nan),잠원동 (nan),잠원동 (nan),잠원동 (nan),잠원동 (nan),잠원동 (nan),잠원동 (nan),잠원동 (nan),잠원동 (nan),잠원동 (nan),잠원동 (nan)
우면동 (nan),우면동 (nan),우면동 (nan),우면동 (nan),우면동 (nan),우면동 (nan),우면동 (nan),우면동 (nan),우면동 (nan),우면동 (nan),우면동 (nan)
신원동 (nan),신원동 (nan),신원동 (nan),신원동 (nan),신원동 (nan),신원동 (nan),신원동 (nan),신원동 (nan),신원동 (nan),신원동 (nan),신원동 (nan)
염곡동 (nan),염곡동 (nan),염곡동 (nan),염곡동 (nan),염곡동 (nan),염곡동 (nan),염곡동 (nan),염곡동 (nan),염곡동 (nan),염곡동 (nan),염곡동 (nan)
원지동 (nan),원지동 (nan),원지동 (nan),원지동 (nan),원지동 (nan),원지동 (nan),원지동 (nan),원지동 (nan),원지동 (nan),원지동 (nan),원지동 (nan)
내곡동 (nan),내곡동 (nan),내곡동 (nan),내곡동 (nan),내곡동 (nan),내곡동 (nan),내곡동 (nan),내곡동 (nan),내곡동 (nan),내곡동 (nan),내곡동 (nan)
연희동 (nan),연희동 (nan),연희동 (nan),연희동 (nan),연희동 (nan),연희동 (nan),연희동 (nan),연희동 (nan),연희동 (nan),연희동 (nan),연희동 (nan)
홍제동 (nan),홍제동 (nan),홍제동 (nan),홍제동 (nan),홍제동 (nan),홍제동 (nan),홍제동 (nan),홍제동 (nan),홍제동 (nan),홍제동 (nan),홍제동 (nan)
창천동 (nan),창천동 (nan),창천동 (nan),창천동 (nan),창천동 (nan),창천동 (nan),창천동 (nan),창천동 (nan),창천동 (nan),창천동 (nan),창천동 (nan)
충정로3가 (nan),충정로3가 (nan),충정로3가 (nan),충정로3가 (nan),충정로3가 (nan),충정로3가 (nan),충정로3가 (nan),충정로3가 (nan),충정로3가 (nan),충정로3가 (nan),충정로3가 (nan)
북가좌동 (nan),북가좌동 (nan),북가좌동 (nan),북가좌동 (nan),북가좌동 (nan),북가좌동 (nan),북가좌동 (nan),북가좌동 (nan),북가좌동 (nan),북가좌동 (nan),북가좌동 (nan)
대현동 (nan),대현동 (nan),대현동 (nan),대현동 (nan),대현동 (nan),대현동 (nan),대현동 (nan),대현동 (nan),대현동 (nan),대현동 (nan),대현동 (nan)
남가좌동 (nan),남가좌동 (nan),남가좌동 (nan),남가좌동 (nan),남가좌동 (nan),남가좌동 (nan),남가좌동 (nan),남가좌동 (nan),남가좌동 (nan),남가좌동 (nan),남가좌동 (nan)
충정로2가 (nan),충정로2가 (nan),충정로2가 (nan),충정로2가 (nan),충정로2가 (nan),충정로2가 (nan),충정로2가 (nan),충정로2가 (nan),충정로2가 (nan),충정로2가 (nan),충정로2가 (nan)
홍은동 (nan),홍은동 (nan),홍은동 (nan),홍은동 (nan),홍은동 (nan),홍은동 (nan),홍은동 (nan),홍은동 (nan),홍은동 (nan),홍은동 (nan),홍은동 (nan)
신촌동 (nan),신촌동 (nan),신촌동 (nan),신촌동 (nan),신촌동 (nan),신촌동 (nan),신촌동 (nan),신촌동 (nan),신촌동 (nan),신촌동 (nan),신촌동 (nan)
북아현동 (nan),북아현동 (nan),북아현동 (nan),북아현동 (nan),북아현동 (nan),북아현동 (nan),북아현동 (nan),북아현동 (nan),북아현동 (nan),북아현동 (nan),북아현동 (nan)
미근동 (nan),미근동 (nan),미근동 (nan),미근동 (nan),미근동 (nan),미근동 (nan),미근동 (nan),미근동 (nan),미근동 (nan),미근동 (nan),미근동 (nan)
냉천동 (nan),냉천동 (nan),냉천동 (nan),냉천동 (nan),냉천동 (nan),냉천동 (nan),냉천동 (nan),냉천동 (nan),냉천동 (nan),냉천동 (nan),냉천동 (nan)
대신동 (nan),대신동 (nan),대신동 (nan),대신동 (nan),대신동 (nan),대신동 (nan),대신동 (nan),대신동 (nan),대신동 (nan),대신동 (nan),대신동 (nan)
합동 (nan),합동 (nan),합동 (nan),합동 (nan),합동 (nan),합동 (nan),합동 (nan),합동 (nan),합동 (nan),합동 (nan),합동 (nan)
영천동 (nan),영천동 (nan),영천동 (nan),영천동 (nan),영천동 (nan),영천동 (nan),영천동 (nan),영천동 (nan),영천동 (nan),영천동 (nan),영천동 (nan)
옥천동 (nan),옥천동 (nan),옥천동 (nan),옥천동 (nan),옥천동 (nan),옥천동 (nan),옥천동 (nan),옥천동 (nan),옥천동 (nan),옥천동 (nan),옥천동 (nan)
현저동 (nan),현저동 (nan),현저동 (nan),현저동 (nan),현저동 (nan),현저동 (nan),현저동 (nan),현저동 (nan),현저동 (nan),현저동 (nan),현저동 (nan)
천연동 (nan),천연동 (nan),천연동 (nan),천연동 (nan),천연동 (nan),천연동 (nan),천연동 (nan),천연동 (nan),천연동 (nan),천연동 (nan),천연동 (nan)
봉원동 (nan),봉원동 (nan),봉원동 (nan),봉원동 (nan),봉원동 (nan),봉원동 (nan),봉원동 (nan),봉원동 (nan),봉원동 (nan),봉원동 (nan),봉원동 (nan)
길음동 (nan),길음동 (nan),길음동 (nan),길음동 (nan),길음동 (nan),길음동 (nan),길음동 (nan),길음동 (nan),길음동 (nan),길음동 (nan),길음동 (nan)
삼선동1가 (nan),삼선동1가 (nan),삼선동1가 (nan),삼선동1가 (nan),삼선동1가 (nan),삼선동1가 (nan),삼선동1가 (nan),삼선동1가 (nan),삼선동1가 (nan),삼선동1가 (nan),삼선동1가 (nan)
동소문동3가 (nan),동소문동3가 (nan),동소문동3가 (nan),동소문동3가 (nan),동소문동3가 (nan),동소문동3가 (nan),동소문동3가 (nan),동소문동3가 (nan),동소문동3가 (nan),동소문동3가 (nan),동소문동3가 (nan)
삼선동4가 (nan),삼선동4가 (nan),삼선동4가 (nan),삼선동4가 (nan),삼선동4가 (nan),삼선동4가 (nan),삼선동4가 (nan),삼선동4가 (nan),삼선동4가 (nan),삼선동4가 (nan),삼선동4가 (nan)
장위동 (nan),장위동 (nan),장위동 (nan),장위동 (nan),장위동 (nan),장위동 (nan),장위동 (nan),장위동 (nan),장위동 (nan),장위동 (nan),장위동 (nan)
종암동 (nan),종암동 (nan),종암동 (nan),종암동 (nan),종암동 (nan),종암동 (nan),종암동 (nan),종암동 (nan),종암동 (nan),종암동 (nan),종암동 (nan)
동선동3가 (nan),동선동3가 (nan),동선동3가 (nan),동선동3가 (nan),동선동3가 (nan),동선동3가 (nan),동선동3가 (nan),동선동3가 (nan),동선동3가 (nan),동선동3가 (nan),동선동3가 (nan)
동소문동2가 (nan),동소문동2가 (nan),동소문동2가 (nan),동소문동2가 (nan),동소문동2가 (nan),동소문동2가 (nan),동소문동2가 (nan),동소문동2가 (nan),동소문동2가 (nan),동소문동2가 (nan),동소문동2가 (nan)
동선동1가 (nan),동선동1가 (nan),동선동1가 (nan),동선동1가 (nan),동선동1가 (nan),동선동1가 (nan),동선동1가 (nan),동선동1가 (nan),동선동1가 (nan),동선동1가 (nan),동선동1가 (nan)
정릉동 (nan),정릉동 (nan),정릉동 (nan),정릉동 (nan),정릉동 (nan),정릉동 (nan),정릉동 (nan),정릉동 (nan),정릉동 (nan),정릉동 (nan),정릉동 (nan)
석관동 (nan),석관동 (nan),석관동 (nan),석관동 (nan),석관동 (nan),석관동 (nan),석관동 (nan),석관동 (nan),석관동 (nan),석관동 (nan),석관동 (nan)
삼선동2가 (nan),삼선동2가 (nan),삼선동2가 (nan),삼선동2가 (nan),삼선동2가 (nan),삼선동2가 (nan),삼선동2가 (nan),삼선동2가 (nan),삼선동2가 (nan),삼선동2가 (nan),삼선동2가 (nan)
안암동5가 (nan),안암동5가 (nan),안암동5가 (nan),안암동5가 (nan),안암동5가 (nan),안암동5가 (nan),안암동5가 (nan),안암동5가 (nan),안암동5가 (nan),안암동5가 (nan),안암동5가 (nan)
성북동1가 (nan),성북동1가 (nan),성북동1가 (nan),성북동1가 (nan),성북동1가 (nan),성북동1가 (nan),성북동1가 (nan),성북동1가 (nan),성북동1가 (nan),성북동1가 (nan),성북동1가 (nan)
보문동4가 (nan),보문동4가 (nan),보문동4가 (nan),보문동4가 (nan),보문동4가 (nan),보문동4가 (nan),보문동4가 (nan),보문동4가 (nan),보문동4가 (nan),보문동4가 (nan),보문동4가 (nan)
삼선동5가 (nan),삼선동5가 (nan),삼선동5가 (nan),삼선동5가 (nan),삼선동5가 (nan),삼선동5가 (nan),삼선동5가 (nan),삼선동5가 (nan),삼선동5가 (nan),삼선동5가 (nan),삼선동5가 (nan)
하월곡동 (nan),하월곡동 (nan),하월곡동 (nan),하월곡동 (nan),하월곡동 (nan),하월곡동 (nan),하월곡동 (nan),하월곡동 (nan),하월곡동 (nan),하월곡동 (nan),하월곡동 (nan)
보문동2가 (nan),보문동2가 (nan),보문동2가 (nan),보문동2가 (nan),보문동2가 (nan),보문동2가 (nan),보문동2가 (nan),보문동2가 (nan),보문동2가 (nan),보문동2가 (nan),보문동2가 (nan)
돈암동 (nan),돈암동 (nan),돈암동 (nan),돈암동 (nan),돈암동 (nan),돈암동 (nan),돈암동 (nan),돈암동 (nan),돈암동 (nan),돈암동 (nan),돈암동 (nan)
성북동 (nan),성북동 (nan),성북동 (nan),성북동 (nan),성북동 (nan),성북동 (nan),성북동 (nan),성북동 (nan),성북동 (nan),성북동 (nan),성북동 (nan)
동소문동5가 (nan),동소문동5가 (nan),동소문동5가 (nan),동소문동5가 (nan),동소문동5가 (nan),동소문동5가 (nan),동소문동5가 (nan),동소문동5가 (nan),동소문동5가 (nan),동소문동5가 (nan),동소문동5가 (nan)
동소문동6가 (nan),동소문동6가 (nan),동소문동6가 (nan),동소문동6가 (nan),동소문동6가 (nan),동소문동6가 (nan),동소문동6가 (nan),동소문동6가 (nan),동소문동6가 (nan),동소문동6가 (nan),동소문동6가 (nan)
상월곡동 (nan),상월곡동 (nan),상월곡동 (nan),상월곡동 (nan),상월곡동 (nan),상월곡동 (nan),상월곡동 (nan),상월곡동 (nan),상월곡동 (nan),상월곡동 (nan),상월곡동 (nan)
보문동7가 (nan),보문동7가 (nan),보문동7가 (nan),보문동7가 (nan),보문동7가 (nan),보문동7가 (nan),보문동7가 (nan),보문동7가 (nan),보문동7가 (nan),보문동7가 (nan),보문동7가 (nan)
삼선동3가 (nan),삼선동3가 (nan),삼선동3가 (nan),삼선동3가 (nan),삼선동3가 (nan),삼선동3가 (nan),삼선동3가 (nan),삼선동3가 (nan),삼선동3가 (nan),삼선동3가 (nan),삼선동3가 (nan)
동선동4가 (nan),동선동4가 (nan),동선동4가 (nan),동선동4가 (nan),동선동4가 (nan),동선동4가 (nan),동선동4가 (nan),동선동4가 (nan),동선동4가 (nan),동선동4가 (nan),동선동4가 (nan)
동선동2가 (nan),동선동2가 (nan),동선동2가 (nan),동선동2가 (nan),동선동2가 (nan),동선동2가 (nan),동선동2가 (nan),동선동2가 (nan),동선동2가 (nan),동선동2가 (nan),동선동2가 (nan)
동소문동7가 (nan),동소문동7가 (nan),동소문동7가 (nan),동소문동7가 (nan),동소문동7가 (nan),동소문동7가 (nan),동소문동7가 (nan),동소문동7가 (nan),동소문동7가 (nan),동소문동7가 (nan),동소문동7가 (nan)
보문동5가 (nan),보문동5가 (nan),보문동5가 (nan),보문동5가 (nan),보문동5가 (nan),보문동5가 (nan),보문동5가 (nan),보문동5가 (nan),보문동5가 (nan),보문동5가 (nan),보문동5가 (nan)
동선동5가 (nan),동선동5가 (nan),동선동5가 (nan),동선동5가 (nan),동선동5가 (nan),동선동5가 (nan),동선동5가 (nan),동선동5가 (nan),동선동5가 (nan),동선동5가 (nan),동선동5가 (nan)
안암동4가 (nan),안암동4가 (nan),안암동4가 (nan),안암동4가 (nan),안암동4가 (nan),안암동4가 (nan),안암동4가 (nan),안암동4가 (nan),안암동4가 (nan),안암동4가 (nan),안암동4가 (nan)
보문동6가 (nan),보문동6가 (nan),보문동6가 (nan),보문동6가 (nan),보문동6가 (nan),보문동6가 (nan),보문동6가 (nan),보문동6가 (nan),보문동6가 (nan),보문동6가 (nan),보문동6가 (nan)
동소문동1가 (nan),동소문동1가 (nan),동소문동1가 (nan),동소문동1가 (nan),동소문동1가 (nan),동소문동1가 (nan),동소문동1가 (nan),동소문동1가 (nan),동소문동1가 (nan),동소문동1가 (nan),동소문동1가 (nan)
보문동1가 (nan),보문동1가 (nan),보문동1가 (nan),보문동1가 (nan),보문동1가 (nan),보문동1가 (nan),보문동1가 (nan),보문동1가 (nan),보문동1가 (nan),보문동1가 (nan),보문동1가 (nan)
안암동2가 (nan),안암동2가 (nan),안암동2가 (nan),안암동2가 (nan),안암동2가 (nan),안암동2가 (nan),안암동2가 (nan),안암동2가 (nan),안암동2가 (nan),안암동2가 (nan),안암동2가 (nan)
동소문동4가 (nan),동소문동4가 (nan),동소문동4가 (nan),동소문동4가 (nan),동소문동4가 (nan),동소문동4가 (nan),동소문동4가 (nan),동소문동4가 (nan),동소문동4가 (nan),동소문동4가 (nan),동소문동4가 (nan)
안암동1가 (nan),안암동1가 (nan),안암동1가 (nan),안암동1가 (nan),안암동1가 (nan),안암동1가 (nan),안암동1가 (nan),안암동1가 (nan),안암동1가 (nan),안암동1가 (nan),안암동1가 (nan)
안암동3가 (nan),안암동3가 (nan),안암동3가 (nan),안암동3가 (nan),안암동3가 (nan),안암동3가 (nan),안암동3가 (nan),안암동3가 (nan),안암동3가 (nan),안암동3가 (nan),안암동3가 (nan)
보문동3가 (nan),보문동3가 (nan),보문동3가 (nan),보문동3가 (nan),보문동3가 (nan),보문동3가 (nan),보문동3가 (nan),보문동3가 (nan),보문동3가 (nan),보문동3가 (nan),보문동3가 (nan)
행당동 (nan),행당동 (nan),행당동 (nan),행당동 (nan),행당동 (nan),행당동 (nan),행당동 (nan),행당동 (nan),행당동 (nan),행당동 (nan),행당동 (nan)
성수동1가 (nan),성수동1가 (nan),성수동1가 (nan),성수동1가 (nan),성수동1가 (nan),성수동1가 (nan),성수동1가 (nan),성수동1가 (nan),성수동1가 (nan),성수동1가 (nan),성수동1가 (nan)
금호동4가 (nan),금호동4가 (nan),금호동4가 (nan),금호동4가 (nan),금호동4가 (nan),금호동4가 (nan),금호동4가 (nan),금호동4가 (nan),금호동4가 (nan),금호동4가 (nan),금호동4가 (nan)
하왕십리동 (nan),하왕십리동 (nan),하왕십리동 (nan),하왕십리동 (nan),하왕십리동 (nan),하왕십리동 (nan),하왕십리동 (nan),하왕십리동 (nan),하왕십리동 (nan),하왕십리동 (nan),하왕십리동 (nan)
성수동2가 (nan),성수동2가 (nan),성수동2가 (nan),성수동2가 (nan),성수동2가 (nan),성수동2가 (nan),성수동2가 (nan),성수동2가 (nan),성수동2가 (nan),성수동2가 (nan),성수동2가 (nan)
용답동 (nan),용답동 (nan),용답동 (nan),용답동 (nan),용답동 (nan),용답동 (nan),용답동 (nan),용답동 (nan),용답동 (nan),용답동 (nan),용답동 (nan)
금호동1가 (nan),금호동1가 (nan),금호동1가 (nan),금호동1가 (nan),금호동1가 (nan),금호동1가 (nan),금호동1가 (nan),금호동1가 (nan),금호동1가 (nan),금호동1가 (nan),금호동1가 (nan)
금호동3가 (nan),금호동3가 (nan),금호동3가 (nan),금호동3가 (nan),금호동3가 (nan),금호동3가 (nan),금호동3가 (nan),금호동3가 (nan),금호동3가 (nan),금호동3가 (nan),금호동3가 (nan)
금호동2가 (nan),금호동2가 (nan),금호동2가 (nan),금호동2가 (nan),금호동2가 (nan),금호동2가 (nan),금호동2가 (nan),금호동2가 (nan),금호동2가 (nan),금호동2가 (nan),금호동2가 (nan)
마장동 (nan),마장동 (nan),마장동 (nan),마장동 (nan),마장동 (nan),마장동 (nan),마장동 (nan),마장동 (nan),마장동 (nan),마장동 (nan),마장동 (nan)
상왕십리동 (nan),상왕십리동 (nan),상왕십리동 (nan),상왕십리동 (nan),상왕십리동 (nan),상왕십리동 (nan),상왕십리동 (nan),상왕십리동 (nan),상왕십리동 (nan),상왕십리동 (nan),상왕십리동 (nan)
옥수동 (nan),옥수동 (nan),옥수동 (nan),옥수동 (nan),옥수동 (nan),옥수동 (nan),옥수동 (nan),옥수동 (nan),옥수동 (nan),옥수동 (nan),옥수동 (nan)
홍익동 (nan),홍익동 (nan),홍익동 (nan),홍익동 (nan),홍익동 (nan),홍익동 (nan),홍익동 (nan),홍익동 (nan),홍익동 (nan),홍익동 (nan),홍익동 (nan)
송정동 (nan),송정동 (nan),송정동 (nan),송정동 (nan),송정동 (nan),송정동 (nan),송정동 (nan),송정동 (nan),송정동 (nan),송정동 (nan),송정동 (nan)
사근동 (nan),사근동 (nan),사근동 (nan),사근동 (nan),사근동 (nan),사근동 (nan),사근동 (nan),사근동 (nan),사근동 (nan),사근동 (nan),사근동 (nan)
응봉동 (nan),응봉동 (nan),응봉동 (nan),응봉동 (nan),응봉동 (nan),응봉동 (nan),응봉동 (nan),응봉동 (nan),응봉동 (nan),응봉동 (nan),응봉동 (nan)
