2007,2008,2009,2010,2011,2012,2013,2014,2015,2016,2017,2018
신림동 (578),역삼동 (604),신림동 (754),신림동 (749),역삼동 (731),역삼동 (661),역삼동 (734),역삼동 (854),역삼동 (834),역삼동 (996),역삼동 (1044),서초동 (563)
역삼동 (563),신림동 (495),역삼동 (623),역삼동 (667),신림동 (710),신림동 (623),신림동 (633),신림동 (733),신림동 (769),삼성동 (816),삼성동 (988),서교동 (533)
봉천동 (500),신사동 (493),봉천동 (568),봉천동 (624),신사동 (645),신사동 (608),봉천동 (502),신사동 (608),화곡동 (641),신림동 (781),신림동 (785),구로동 (464)
신사동 (440),화곡동 (482),신사동 (565),신사동 (575),봉천동 (568),봉천동 (544),화곡동 (496),봉천동 (587),봉천동 (568),봉천동 (659),서초동 (719),상계동 (357)
화곡동 (420),봉천동 (445),화곡동 (494),화곡동 (493),화곡동 (556),화곡동 (441),신사동 (488),화곡동 (534),논현동 (559),논현동 (624),구로동 (703),여의도동 (346)
미아동 (350),논현동 (393),논현동 (475),논현동 (474),논현동 (443),논현동 (421),논현동 (472),논현동 (515),신사동 (555),서초동 (621),신사동 (694),문정동 (321)
논현동 (345),대치동 (309),구로동 (376),천호동 (405),미아동 (414),서초동 (417),서초동 (420),서교동 (507),삼성동 (550),서교동 (591),봉천동 (689),잠실동 (301)
구로동 (340),서초동 (294),미아동 (370),대치동 (376),천호동 (372),대치동 (396),서교동 (364),삼성동 (477),서교동 (520),신사동 (573),서교동 (684),목동 (301)
성내동 (303),구로동 (293),대치동 (355),구로동 (356),삼성동 (368),미아동 (364),구로동 (359),서초동 (462),구로동 (517),구로동 (560),논현동 (659),자양동 (295)
서초동 (297),수유동 (279),천호동 (326),서초동 (355),대치동 (366),구로동 (344),삼성동 (357),대치동 (448),서초동 (512),화곡동 (560),화곡동 (615),가산동 (266)
대치동 (295),삼성동 (279),서초동 (306),삼성동 (354),구로동 (361),천호동 (322),대치동 (342),구로동 (423),대치동 (465),여의도동 (486),문정동 (575),방이동 (252)
천호동 (281),미아동 (272),수유동 (298),성내동 (336),서초동 (352),삼성동 (299),미아동 (310),상계동 (415),미아동 (406),상계동 (456),마곡동 (573),독산동 (250)
수유동 (274),천호동 (269),성내동 (276),미아동 (314),상계동 (301),상계동 (299),천호동 (299),미아동 (355),상계동 (390),대치동 (447),여의도동 (561),상암동 (248)
상계동 (260),상계동 (245),상계동 (265),수유동 (287),수유동 (285),서교동 (296),성내동 (278),천호동 (332),천호동 (363),미아동 (406),상계동 (501),신정동 (245)
삼성동 (248),성내동 (244),삼성동 (264),청담동 (265),성내동 (282),성내동 (293),상계동 (273),목동 (330),목동 (360),목동 (397),미아동 (493),방배동 (243)
목동 (247),신정동 (209),청담동 (228),목동 (254),서교동 (273),수유동 (291),수유동 (270),성내동 (320),성내동 (348),수유동 (379),잠실동 (461),사당동 (230)
신정동 (223),목동 (199),목동 (224),상계동 (251),목동 (268),목동 (253),목동 (263),수유동 (311),여의도동 (331),천호동 (373),대치동 (460),연남동 (212)
면목동 (215),방화동 (190),신정동 (205),서교동 (249),방화동 (256),잠실동 (241),청담동 (244),여의도동 (282),잠실동 (322),잠실동 (369),수유동 (435),중곡동 (212)
방화동 (186),독산동 (188),면목동 (199),길동 (224),청담동 (252),신정동 (235),반포동 (225),반포동 (271),수유동 (316),반포동 (340),목동 (435),양재동 (211)
방배동 (181),서교동 (179),독산동 (197),면목동 (221),신정동 (210),여의도동 (221),여의도동 (224),방배동 (271),면목동 (293),성내동 (332),천호동 (418),신월동 (204)
청담동 (179),청담동 (178),반포동 (195),신정동 (220),독산동 (206),청담동 (211),면목동 (218),신정동 (269),자양동 (281),양재동 (324),면목동 (395),창천동 (198)
자양동 (178),면목동 (176),서교동 (188),등촌동 (205),방배동 (202),반포동 (202),방배동 (217),자양동 (253),반포동 (270),자양동 (315),반포동 (385),성수동2가 (197)
길동 (174),길동 (169),여의도동 (188),여의도동 (204),면목동 (199),면목동 (200),신정동 (205),면목동 (252),방배동 (265),방배동 (312),이태원동 (378),화양동 (196)
등촌동 (166),등촌동 (157),등촌동 (174),반포동 (203),자양동 (190),방배동 (192),잠실동 (203),청담동 (236),신정동 (256),면목동 (307),성내동 (353),구의동 (193)
반포동 (164),신월동 (156),가락동 (167),방배동 (196),신월동 (190),방화동 (184),신월동 (193),잠실동 (236),청담동 (245),문정동 (297),가산동 (352),시흥동 (190)
여의도동 (164),자양동 (151),방화동 (165),양재동 (183),등촌동 (188),자양동 (182),등촌동 (191),독산동 (221),이태원동 (232),이태원동 (282),방배동 (339),가락동 (190)
신월동 (163),여의도동 (151),암사동 (162),자양동 (181),여의도동 (186),양재동 (171),양재동 (190),양재동 (221),신월동 (224),청담동 (274),양재동 (332),공릉동 (183)
암사동 (160),시흥동 (151),길동 (160),방화동 (173),양재동 (180),등촌동 (165),사당동 (187),이태원동 (217),양재동 (222),신정동 (269),등촌동 (317),장안동 (178)
독산동 (159),반포동 (147),자양동 (158),가락동 (169),잠실동 (165),신월동 (165),독산동 (171),가산동 (213),사당동 (222),가산동 (265),청담동 (305),대림동 (174)
양재동 (155),방배동 (139),방배동 (153),독산동 (167),중곡동 (162),시흥동 (164),가산동 (168),방화동 (212),가산동 (214),사당동 (251),사당동 (301),반포동 (172)
서교동 (153),개봉동 (139),잠실동 (152),신길동 (162),시흥동 (160),가산동 (159),자양동 (167),등촌동 (211),방화동 (208),장안동 (249),독산동 (300),동교동 (165)
시흥동 (138),양재동 (138),구의동 (147),암사동 (159),구의동 (154),길동 (155),방화동 (166),길동 (209),독산동 (208),중곡동 (248),신정동 (297),행당동 (164)
가락동 (134),가락동 (134),신월동 (144),명일동 (158),장안동 (150),독산동 (154),도곡동 (165),신월동 (207),장안동 (206),신월동 (247),자양동 (296),창동 (163)
창동 (134),개포동 (133),시흥동 (143),잠실동 (157),신길동 (148),도곡동 (145),창천동 (162),장안동 (202),창천동 (197),화양동 (241),대림동 (294),망원동 (161)
잠실동 (132),잠실동 (131),양재동 (143),신월동 (154),창동 (147),신길동 (143),길동 (158),도곡동 (194),창동 (197),독산동 (241),구의동 (278),방학동 (146)
신길동 (127),방학동 (127),명일동 (138),창동 (153),반포동 (145),암사동 (140),장안동 (154),사당동 (193),길동 (192),상암동 (236),연남동 (274),송파동 (144)
도곡동 (126),장안동 (124),중곡동 (136),장안동 (150),암사동 (145),신당동 (139),시흥동 (151),창천동 (190),대림동 (192),창천동 (232),신월동 (262),성수동1가 (139)
구의동 (126),대림동 (119),장안동 (135),방이동 (149),가산동 (145),장안동 (139),방이동 (142),시흥동 (187),시흥동 (189),대림동 (230),방이동 (261),중계동 (136)
대림동 (119),번동 (118),방학동 (134),응암동 (145),길동 (144),사당동 (138),화양동 (141),화양동 (181),방이동 (189),창동 (229),장안동 (260),고척동 (129)
명일동 (114),도곡동 (118),대림동 (133),시흥동 (142),가락동 (142),구의동 (137),구의동 (137),대림동 (168),구의동 (188),행당동 (225),창천동 (255),신천동 (125)
장안동 (114),암사동 (115),도곡동 (129),구의동 (142),응암동 (134),가락동 (136),행당동 (136),가락동 (164),가락동 (182),등촌동 (223),가락동 (252),석촌동 (125)
사당동 (110),신길동 (114),신길동 (129),사당동 (138),창천동 (133),명일동 (131),창동 (135),신천동 (163),등촌동 (178),시흥동 (219),성수동2가 (239),합정동 (122)
개포동 (110),화양동 (110),사당동 (127),문정동 (138),명일동 (133),창천동 (129),중곡동 (133),상암동 (162),공릉동 (172),응암동 (206),시흥동 (236),상도동 (121)
중계동 (108),창천동 (109),창동 (126),가산동 (133),도곡동 (132),중곡동 (126),신길동 (128),방이동 (162),신길동 (171),성수동2가 (204),한남동 (234),도화동 (120)
방학동 (105),신당동 (106),가산동 (122),중곡동 (132),번동 (127),방학동 (122),가락동 (123),중곡동 (159),갈현동 (167),구의동 (200),상암동 (233),신길동 (120)
가산동 (103),응암동 (105),신당동 (114),창천동 (130),대림동 (124),상도동 (120),이태원동 (123),구의동 (158),도곡동 (166),갈현동 (198),화양동 (232),회기동 (117)
신당동 (103),중계동 (105),개포동 (113),도곡동 (127),공릉동 (119),개포동 (118),대림동 (119),문정동 (149),화양동 (164),상도동 (194),신당동 (225),잠원동 (117)
개봉동 (103),구의동 (105),개봉동 (111),중계동 (124),신당동 (118),응암동 (113),명일동 (119),신길동 (148),방학동 (163),방화동 (194),중곡동 (223),성산동 (105)
중곡동 (100),창동 (103),갈현동 (110),개포동 (123),사당동 (114),화양동 (113),갈현동 (117),신당동 (147),중곡동 (157),공릉동 (194),신길동 (218),쌍문동 (104)
번동 (98),중곡동 (101),방이동 (104),대림동 (121),행당동 (113),압구정동 (112),방학동 (116),공릉동 (146),상암동 (156),가락동 (193),합정동 (215),개봉동 (103)
응암동 (97),명일동 (99),내발산동 (102),방학동 (114),상암동 (112),방이동 (112),공릉동 (116),갈현동 (145),신당동 (153),망원동 (191),창동 (211),노량진동 (100)
방이동 (94),사당동 (98),번동 (102),상도동 (113),방이동 (112),갈현동 (111),한남동 (115),응암동 (143),망원동 (151),연남동 (188),상도동 (210),전농동 (97)
창천동 (92),방이동 (96),행당동 (102),갈현동 (111),중계동 (112),내발산동 (111),응암동 (115),중계동 (142),응암동 (151),압구정동 (187),갈현동 (210),안암동5가 (97)
압구정동 (89),행당동 (96),중계동 (100),신당동 (110),문정동 (110),번동 (105),중계동 (114),암사동 (141),성수동2가 (149),신길동 (184),망원동 (209),정릉동 (92)
남가좌동 (87),공릉동 (93),창천동 (100),개봉동 (110),방학동 (110),창동 (102),문정동 (113),행당동 (141),잠원동 (142),방이동 (183),공릉동 (206),신대방동 (91)
성수동2가 (82),상도동 (91),공릉동 (92),전농동 (108),개봉동 (101),공릉동 (101),내발산동 (111),성수동2가 (137),명일동 (142),고척동 (177),방화동 (206),상수동 (90)
갈현동 (82),상암동 (85),응암동 (92),화양동 (102),갈현동 (98),대림동 (100),성수동2가 (110),상도동 (134),암사동 (140),길동 (176),동교동 (203),연희동 (86)
공릉동 (81),내발산동 (84),고척동 (91),공릉동 (99),장위동 (97),성수동2가 (98),상암동 (108),월계동 (130),문정동 (138),동교동 (175),노량진동 (203),월계동 (85)
도봉동 (81),잠원동 (81),상도동 (90),내발산동 (98),내발산동 (95),망원동 (98),암사동 (107),명일동 (129),한남동 (134),노량진동 (169),성수동1가 (195),흑석동 (84)
상봉동 (80),갈현동 (80),화양동 (86),번동 (97),대조동 (94),상암동 (97),개봉동 (104),창동 (126),개봉동 (134),중계동 (168),신천동 (192),공덕동 (83)
화양동 (79),고척동 (78),정릉동 (79),석촌동 (93),전농동 (92),불광동 (96),신당동 (104),방학동 (126),행당동 (133),신당동 (165),응암동 (191),도봉동 (83)
월계동 (75),전농동 (77),문정동 (79),상암동 (90),성수동2가 (92),이태원동 (95),번동 (101),송파동 (123),압구정동 (131),마곡동 (165),행당동 (188),삼전동 (81)
망원동 (74),공항동 (73),염창동 (79),잠원동 (90),신도림동 (91),전농동 (91),동교동 (98),개포동 (114),동교동 (129),한남동 (160),방학동 (185),이문동 (79)
망우동 (74),을지로6가 (73),상암동 (78),대조동 (88),망원동 (91),가양동 (91),상도동 (93),상봉동 (114),상도동 (126),암사동 (159),중계동 (184),홍제동 (77)
대조동 (73),가산동 (71),대조동 (78),도봉동 (87),이태원동 (90),장위동 (90),월계동 (92),이문동 (112),중계동 (124),방학동 (154),길동 (175),문래동3가 (75)
고척동 (71),석촌동 (70),망원동 (77),망원동 (86),상봉동 (89),도봉동 (89),전농동 (92),한남동 (112),내발산동 (119),도곡동 (139),잠원동 (174),북가좌동 (74)
잠원동 (71),대현동 (69),잠원동 (75),망우동 (85),송파동 (88),중계동 (86),개포동 (91),동교동 (112),송파동 (115),상봉동 (139),압구정동 (171),장위동 (73)
중화동 (70),압구정동 (67),공항동 (75),불광동 (82),홍제동 (87),노량진동 (86),정릉동 (91),잠원동 (111),연남동 (115),합정동 (135),상봉동 (163),신도림동 (73)
공항동 (70),남가좌동 (66),송파동 (75),송파동 (80),화양동 (87),문정동 (84),잠원동 (88),석촌동 (110),상봉동 (115),도봉동 (133),성산동 (162),동선동1가 (72)
장위동 (70),도봉동 (66),하월곡동 (73),대현동 (80),노량진동 (87),석촌동 (83),상봉동 (88),망우동 (109),전농동 (115),개포동 (129),도곡동 (148),답십리동 (69)
정릉동 (69),상봉동 (65),마천동 (73),쌍문동 (79),석촌동 (86),쌍문동 (82),송파동 (88),쌍문동 (109),번동 (114),명일동 (128),상수동 (145),종암동 (68)
노량진동 (69),장위동 (64),가양동 (71),성수동2가 (79),정릉동 (86),개봉동 (82),망원동 (85),번동 (109),망우동 (113),진관동 (128),송파동 (143),하월곡동 (67)
전농동 (66),문정동 (64),영등포동4가 (71),정릉동 (78),상도동 (85),대조동 (81),가양동 (84),망원동 (108),쌍문동 (112),쌍문동 (127),석촌동 (141),용두동 (65)
내발산동 (65),월계동 (62),석촌동 (71),고척동 (77),남가좌동 (83),행당동 (80),석촌동 (81),압구정동 (106),도봉동 (110),중화동 (126),불광동 (140),당산동3가 (65)
송파동 (65),송파동 (61),상봉동 (70),길음동 (76),동교동 (83),잠원동 (78),노량진동 (79),내발산동 (106),연희동 (109),월계동 (126),전농동 (140),오금동 (64)
석촌동 (63),답십리동 (60),망우동 (69),행당동 (75),도봉동 (83),묵동 (77),압구정동 (79),연남동 (103),합정동 (108),개봉동 (126),대조동 (139),대현동 (61)
도화동 (63),도화동 (60),남가좌동 (69),월계동 (73),고척동 (80),정릉동 (74),연희동 (78),노량진동 (103),개포동 (108),상수동 (124),도화동 (137),군자동 (61)
남현동 (62),석관동 (60),이문동 (68),한남동 (72),둔촌동 (80),동교동 (71),불광동 (78),제기동 (102),도화동 (107),망우동 (124),고척동 (137),제기동 (61)
상도동 (61),대조동 (59),월계동 (67),상봉동 (71),망우동 (79),송파동 (70),남가좌동 (78),전농동 (100),불광동 (107),봉래동2가 (124),진관동 (136),홍은동 (60)
쌍문동 (61),하월곡동 (58),둔촌동 (67),공항동 (69),개포동 (77),대현동 (70),대조동 (76),하월곡동 (99),상수동 (106),대조동 (123),도봉동 (134),용답동 (60)
신대방동 (60),홍은동 (58),성수동2가 (67),용두동 (69),하월곡동 (77),이문동 (70),장위동 (76),대조동 (98),회기동 (99),을지로6가 (123),중화동 (134),남가좌동 (59)
제기동 (58),성수동2가 (58),장위동 (67),이문동 (68),쌍문동 (76),한남동 (69),도봉동 (75),정릉동 (97),고척동 (99),불광동 (122),망우동 (132),오류동 (58)
문정동 (58),홍제동 (57),도봉동 (64),홍은동 (68),불광동 (76),상봉동 (68),망우동 (74),합정동 (95),노량진동 (98),석촌동 (122),연희동 (131),석관동 (57)
홍제동 (57),망우동 (57),홍제동 (64),삼전동 (68),연희동 (74),염창동 (67),하월곡동 (71),성수동1가 (95),월계동 (97),송파동 (121),쌍문동 (130),영등포동4가 (54)
가양동 (55),망원동 (56),쌍문동 (64),둔촌동 (67),대현동 (73),역촌동 (67),이문동 (70),개봉동 (95),역촌동 (97),역촌동 (121),번동 (129),하왕십리동 (53)
신도림동 (55),쌍문동 (56),용두동 (63),성산동 (67),중화동 (73),흑석동 (67),홍제동 (70),홍제동 (93),중화동 (97),번동 (121),월계동 (128),휘경동 (52)
답십리동 (54),일원동 (56),신천동 (63),홍제동 (66),공항동 (72),상일동 (67),묵동 (69),불광동 (91),이문동 (97),회기동 (120),암사동 (127),염리동 (50)
이문동 (53),마천동 (56),중화동 (62),노량진동 (66),묵동 (72),용두동 (66),둔촌동 (66),회기동 (90),안암동5가 (96),성수동1가 (120),개봉동 (126),가리봉동 (50)
행당동 (53),창신동 (55),전농동 (60),이태원동 (65),역촌동 (71),답십리동 (66),대현동 (66),도봉동 (89),석촌동 (94),전농동 (118),정릉동 (126),하계동 (46)
둔촌동 (52),정릉동 (55),이태원동 (60),염창동 (63),한남동 (70),하월곡동 (64),삼전동 (64),역촌동 (89),관철동 (93),묵동 (117),역촌동 (124),장지동 (44)
마천동 (51),이태원동 (53),도화동 (59),장위동 (63),길음동 (69),월계동 (64),성수동1가 (64),연희동 (87),신천동 (93),정릉동 (116),회기동 (123),신수동 (43)
회기동 (50),문래동3가 (52),길음동 (59),도화동 (62),이문동 (68),망우동 (64),쌍문동 (64),중화동 (84),정릉동 (93),홍제동 (115),묵동 (122),영등포동3가 (43)
홍은동 (50),불광동 (52),노량진동 (58),동교동 (61),답십리동 (68),홍제동 (63),신천동 (60),고척동 (84),하월곡동 (90),잠원동 (112),개포동 (118),청량리동 (43)
용두동 (49),한남동 (52),석관동 (56),문래동3가 (60),합정동 (67),고척동 (63),을지로6가 (60),신도림동 (83),남가좌동 (90),신도림동 (111),이문동 (118),길음동 (43)
불광동 (49),묵동 (52),대현동 (55),중화동 (60),월계동 (67),마천동 (62),남현동 (60),상수동 (83),홍제동 (89),이문동 (107),제기동 (114),대방동 (41)
공덕동 (49),회기동 (52),불광동 (54),종암동 (59),잠원동 (64),홍은동 (61),일원동 (60),염창동 (82),오류동 (89),신천동 (104),장지동 (114),성북동 (41)
동교동 (48),오류동 (52),오금동 (54),신대방동 (59),염창동 (63),길음동 (61),흑석동 (60),오류동 (82),성수동1가 (87),대현동 (104),신도림동 (113),신설동 (39)
오류동 (48),노량진동 (52),삼전동 (53),하월곡동 (58),용두동 (61),성산동 (61),합정동 (59),대현동 (81),공덕동 (85),하월곡동 (103),내발산동 (113),광장동 (38)
일원동 (47),오금동 (51),창신동 (53),공덕동 (57),신천동 (59),공항동 (60),성산동 (59),장위동 (78),둔촌동 (85),내발산동 (101),공덕동 (110),풍납동 (37)
하월곡동 (47),제기동 (51),동교동 (52),오류동 (56),삼전동 (59),삼전동 (59),답십리동 (58),안암동5가 (77),신내동 (85),남가좌동 (96),관철동 (109),거여동 (36)
한남동 (47),성산동 (50),압구정동 (52),가양동 (56),도화동 (58),신대방동 (59),신대방동 (58),성산동 (77),성산동 (84),도화동 (96),홍제동 (105),양평동4가 (36)
북가좌동 (46),북가좌동 (50),신대방동 (51),답십리동 (56),신내동 (57),연희동 (59),오금동 (57),둔촌동 (75),대조동 (83),관철동 (95),신대방동 (100),동선동2가 (36)
거여동 (46),신도림동 (50),홍은동 (51),압구정동 (56),일원동 (56),도화동 (58),역촌동 (57),신대방동 (74),신도림동 (83),연희동 (92),남가좌동 (100),마천동 (36)
노고산동 (46),둔촌동 (49),을지로6가 (50),석관동 (55),마천동 (56),합정동 (58),연남동 (57),석관동 (74),북가좌동 (82),성산동 (92),대현동 (98),용강동 (35)
충무로1가 (45),공덕동 (49),역촌동 (50),묵동 (53),성수동1가 (55),오금동 (57),상수동 (56),묵동 (74),마천동 (82),공항동 (89),공항동 (97),노고산동 (33)
북아현동 (45),신대방동 (48),신내동 (49),진관동 (52),흑석동 (55),신도림동 (56),광장동 (56),일원동 (74),한강로3가 (80),신대방동 (88),흑석동 (97),아현동 (33)
신내동 (45),길음동 (48),남현동 (49),신천동 (51),제기동 (54),제기동 (53),회기동 (56),도화동 (73),묵동 (80),삼전동 (88),남대문로5가 (96),능동 (33)
이태원동 (44),동교동 (48),상일동 (49),남가좌동 (51),성산동 (53),일원동 (53),거여동 (56),상일동 (73),제기동 (79),신내동 (88),신내동 (96),영등포동 (32)
삼전동 (44),이문동 (47),오류동 (48),역촌동 (50),거여동 (52),상수동 (53),오류동 (56),신내동 (73),답십리동 (79),홍은동 (83),하왕십리동 (94),양평동2가 (31)
역촌동 (43),삼전동 (47),일원동 (47),군자동 (50),남현동 (51),공덕동 (52),휘경동 (55),길음동 (72),대현동 (77),장지동 (82),삼전동 (93),당산동6가 (31)
한강로3가 (43),성수동1가 (47),공덕동 (47),오금동 (50),상수동 (51),둔촌동 (52),공항동 (55),마천동 (72),신대방동 (77),안암동5가 (82),장위동 (92),대흥동 (30)
오금동 (42),염창동 (44),답십리동 (47),제기동 (49),상일동 (51),광장동 (52),북가좌동 (55),답십리동 (71),마곡동 (76),장위동 (81),명일동 (91),창전동 (29)
묵동 (42),관철동 (42),연희동 (46),마천동 (49),공덕동 (51),풍납동 (51),제기동 (53),충무로1가 (70),장위동 (75),제기동 (80),한강로2가 (91),금호동4가 (27)
성산동 (41),신내동 (42),풍납동 (45),풍납동 (49),홍은동 (49),석관동 (51),영등포동4가 (51),영등포동4가 (70),삼전동 (74),당산동3가 (79),용두동 (91),당산동4가 (26)
석관동 (40),신설동 (42),묵동 (45),창신동 (48),압구정동 (48),중화동 (51),도화동 (51),흑석동 (69),상일동 (73),공덕동 (78),을지로6가 (90),우면동 (26)
고덕동 (40),역촌동 (41),한남동 (44),거여동 (48),오금동 (48),휘경동 (51),중화동 (51),남가좌동 (67),동숭동 (72),영등포동4가 (78),광장동 (90),북아현동 (24)
염창동 (40),중화동 (41),신설동 (43),안암동5가 (48),석관동 (48),청량리동 (50),문래동3가 (50),거여동 (66),휘경동 (72),오류동 (78),홍은동 (89),문래동2가 (23)
길음동 (40),용두동 (40),고덕동 (43),합정동 (46),고덕동 (48),성수동1가 (49),신도림동 (49),홍은동 (64),염창동 (69),영등포동 (78),북가좌동 (89),신촌동 (23)
풍납동 (40),숭인동 (40),제기동 (43),회기동 (46),안암동5가 (48),연남동 (49),공덕동 (49),용두동 (63),홍은동 (69),둔촌동 (77),길음동 (88),도선동 (23)
군자동 (39),군자동 (40),합정동 (41),고덕동 (44),신대방동 (48),안암동5가 (49),상일동 (48),공항동 (63),군자동 (68),답십리동 (77),녹번동 (88),당산동5가 (22)
성수동1가 (38),북아현동 (40),거여동 (41),영등포동3가 (43),회기동 (45),오류동 (48),고척동 (47),이촌동 (63),문래동3가 (66),용두동 (76),소공동 (86),양평동1가 (22)
수서동 (38),거여동 (40),성산동 (41),광장동 (43),종암동 (45),거여동 (48),염창동 (47),영등포동3가 (62),길음동 (66),문래동3가 (76),한강로3가 (85),충정로3가 (22)
창신동 (37),가양동 (40),영등포동3가 (41),흑석동 (43),당산동3가 (45),문래동3가 (47),창신동 (47),삼전동 (62),흑석동 (64),휘경동 (75),오금동 (84),금호동2가 (22)
대현동 (37),고덕동 (38),명동2가 (39),숭인동 (42),풍납동 (44),고덕동 (47),홍은동 (46),휘경동 (61),창신동 (61),창신동 (74),안암동5가 (84),상도1동 (21)
용답동 (36),신천동 (38),노고산동 (39),소공동 (41),관철동 (44),남가좌동 (46),석관동 (46),동숭동 (61),영등포동3가 (61),흑석동 (73),영등포동4가 (84),금호동3가 (20)
녹번동 (34),종암동 (37),회기동 (39),연희동 (41),군자동 (44),영등포동3가 (44),신내동 (46),가양동 (60),진관동 (61),가리봉동 (72),문래동3가 (82),양평동3가 (20)
상일동 (34),휘경동 (37),휘경동 (39),상일동 (39),수서동 (42),북가좌동 (43),길음동 (46),광장동 (57),가양동 (59),마천동 (71),답십리동 (82),영등포동2가 (19)
연희동 (34),풍납동 (36),동선동1가 (38),한강로3가 (39),노고산동 (41),을지로6가 (43),군자동 (45),진관동 (57),청량리동 (59),수서동 (70),군자동 (81),도림동 (19)
한강로2가 (34),청량리동 (36),신도림동 (38),상수동 (38),녹번동 (41),회기동 (42),용두동 (45),수서동 (56),오금동 (58),북가좌동 (70),마천동 (81),사근동 (19)
중림동 (33),우이동 (34),안암동5가 (37),청량리동 (38),진관동 (41),진관동 (42),동선동1가 (44),문래동3가 (55),석관동 (58),가양동 (69),하월곡동 (81),냉천동 (18)
휘경동 (33),수서동 (34),청량리동 (36),을지로6가 (38),한강로3가 (40),영등포동4가 (42),영등포동3가 (43),남현동 (55),공항동 (57),길음동 (69),동선동1가 (80),당산동1가 (18)
문래동3가 (32),안암동5가 (33),종암동 (36),수서동 (38),문래동3가 (40),숭인동 (42),청량리동 (42),영등포동 (54),영등포동4가 (56),동선동1가 (68),동숭동 (79),옥수동 (18)
염리동 (32),상일동 (33),수서동 (36),신도림동 (38),동선동1가 (39),당산동3가 (42),충무로1가 (41),관철동 (54),충무로1가 (55),소공동 (67),휘경동 (78),금호동1가 (18)
명동2가 (32),하계동 (32),대흥동 (35),대흥동 (36),가양동 (37),창신동 (41),관철동 (41),북가좌동 (54),당산동3가 (54),한강로3가 (66),당산동3가 (77),영등포동7가 (17)
상암동 (32),녹번동 (32),충무로1가 (34),충무로1가 (36),영등포동3가 (37),관철동 (41),녹번동 (40),명동2가 (53),거여동 (53),녹번동 (66),청량리동 (77),삼선동5가 (17)
영등포동 (32),연희동 (31),하계동 (34),성수동1가 (36),오류동 (37),수서동 (41),진관동 (39),대방동 (53),풍납동 (52),석관동 (65),석관동 (76),충정로2가 (16)
대흥동 (31),당산동3가 (31),흑석동 (34),우이동 (35),연남동 (36),남현동 (40),풍납동 (39),청량리동 (52),일원동 (52),종암동 (65),가양동 (75),신공덕동 (16)
합정동 (31),용답동 (30),성수동1가 (34),녹번동 (35),숭인동 (36),군자동 (40),안암동5가 (39),오금동 (52),소공동 (52),군자동 (64),창신동 (74),영등포동5가 (16)
종암동 (31),합정동 (30),이촌동 (33),당산동3가 (35),광장동 (36),대흥동 (40),옥수동 (39),종암동 (52),녹번동 (51),충무로1가 (64),용산동2가 (73),궁동 (15)
신천동 (31),아현동 (30),소공동 (33),영등포동4가 (35),을지로6가 (36),신천동 (40),대흥동 (37),창신동 (51),용두동 (50),양평동4가 (63),수서동 (73),동소문동2가 (15)
청량리동 (30),흑석동 (29),문래동3가 (33),남대문로5가 (35),창신동 (36),녹번동 (38),용답동 (37),용답동 (51),청진동 (50),남현동 (60),오류동 (72),당산동2가 (15)
우이동 (30),노고산동 (29),군자동 (33),대방동 (35),소공동 (35),황학동 (38),소공동 (36),동선동1가 (50),후암동 (49),상일동 (60),양평동4가 (72),돈암동 (14)
영등포동3가 (29),충무로1가 (28),북아현동 (33),남현동 (35),대흥동 (34),증산동 (38),마천동 (35),군자동 (49),종암동 (48),거여동 (60),고덕동 (69),미근동 (14)
아현동 (28),광장동 (28),녹번동 (32),신내동 (35),휘경동 (34),한강로2가 (37),신수동 (34),청진동 (49),동선동1가 (48),염창동 (58),하계동 (68),상왕십리동 (14)
안암동5가 (28),대흥동 (27),당산동3가 (32),하계동 (35),이촌동 (34),종암동 (37),종암동 (33),고덕동 (49),용산동2가 (46),풍납동 (58),가리봉동 (67),삼선동2가 (13)
흑석동 (27),양평동1가 (27),북가좌동 (31),양평동4가 (34),우이동 (33),이촌동 (35),수서동 (33),당산동3가 (48),양평동4가 (46),청량리동 (57),둔촌동 (66),신원동 (13)
황학동 (27),동선동1가 (27),숭인동 (31),용답동 (33),가리봉동 (33),가리봉동 (35),남대문로5가 (32),공덕동 (48),남대문로5가 (46),오금동 (56),후암동 (66),마장동 (13)
대방동 (26),동숭동 (26),연남동 (30),영등포동 (33),북가좌동 (32),양평동4가 (34),동숭동 (32),소공동 (48),한강로2가 (46),광장동 (55),충무로1가 (64),동소문동4가 (12)
청진동 (25),소공동 (26),신수동 (30),한강로2가 (32),충무로1가 (31),우이동 (34),명동2가 (32),아현동 (47),명륜4가 (44),동숭동 (55),종암동 (64),삼선동1가 (12)
을지로6가 (24),염리동 (26),영등포동 (28),노고산동 (31),동숭동 (29),동숭동 (32),신설동 (32),황학동 (47),하계동 (44),대방동 (54),대방동 (64),동선동4가 (12)
가리봉동 (24),영등포동 (25),관철동 (28),휘경동 (31),영등포동 (29),대방동 (32),강일동 (32),가리봉동 (47),가리봉동 (43),신수동 (52),염창동 (63),영등포동8가 (11)
동선동1가 (23),영등포동3가 (25),상수동 (28),북가좌동 (30),창전동 (29),신내동 (31),아현동 (32),한강로3가 (46),용답동 (43),을지로2가 (52),황학동 (60),동소문동6가 (11)
광장동 (23),명륜2가 (24),도림동 (27),동선동1가 (30),하계동 (28),한강로3가 (31),증산동 (31),자곡동 (44),구산동 (42),용답동 (51),능동 (58),영등포동6가 (10)
동숭동 (22),이촌동 (23),아현동 (27),신수동 (29),남대문로5가 (27),충무로1가 (30),숭인동 (31),녹번동 (44),신설동 (42),노고산동 (51),영등포동 (58),송정동 (10)
당산동1가 (22),상수동 (23),광장동 (26),일원동 (29),용답동 (26),용답동 (30),당산동3가 (30),풍납동 (43),우면동 (41),영등포동3가 (51),청진동 (57),구수동 (9)
도림동 (22),가리봉동 (23),한강로3가 (26),도림동 (28),강일동 (26),노고산동 (30),고덕동 (30),양평동4가 (42),황학동 (41),명륜4가 (50),영등포동3가 (57),성북동1가 (9)
하계동 (22),당산동1가 (23),충무로2가 (26),황학동 (27),신설동 (26),통의동 (29),양평동4가 (30),숭인동 (42),남현동 (40),능동 (50),명륜4가 (57),상월곡동 (9)
마장동 (21),도선동 (22),가리봉동 (25),관철동 (27),관훈동 (26),신수동 (28),구산동 (29),을지로6가 (40),보광동 (39),보광동 (50),을지로2가 (56),양평동5가 (8)
명륜2가 (21),창전동 (22),대방동 (25),동숭동 (27),황학동 (26),창전동 (28),황학동 (29),대흥동 (39),아현동 (39),동자동 (49),노고산동 (56),보문동7가 (8)
숭인동 (21),한강로2가 (22),남대문로5가 (25),청파동2가 (26),영등포동4가 (25),옥수동 (28),명륜2가 (29),다동 (38),염리동 (39),용산동2가 (49),풍납동 (56),문래동1가 (8)
이촌동 (20),한강로3가 (22),염리동 (24),연남동 (26),청량리동 (25),동선동1가 (27),우면동 (28),낙원동 (37),노고산동 (39),숭인동 (48),숭인동 (55),동선동3가 (8)
도선동 (20),마장동 (21),도선동 (23),명동2가 (25),다동 (25),명륜2가 (27),용산동2가 (28),을지로2가 (37),명동2가 (38),한강로2가 (47),대흥동 (54),홍익동 (8)
장충동2가 (20),후암동 (21),마장동 (22),능동 (25),대방동 (24),신공덕동 (26),가리봉동 (28),우이동 (36),광장동 (38),신설동 (47),거여동 (54),동소문동5가 (8)
내수동 (20),종로5가 (20),한강로2가 (21),종로5가 (25),증산동 (24),영등포동 (26),우이동 (27),증산동 (36),당산동4가 (38),일원동 (46),신설동 (53),동선동5가 (8)
충정로2가 (19),명동2가 (20),한강로1가 (21),가리봉동 (25),당산동6가 (24),명륜4가 (24),한강로2가 (27),신수동 (36),동자동 (36),하계동 (45),신수동 (53),안암동1가 (8)
영등포동2가 (19),남대문로5가 (20),수색동 (21),창전동 (24),명륜2가 (24),명동2가 (24),이촌동 (27),용산동2가 (34),자곡동 (36),아현동 (44),을지로7가 (53),영등포동1가 (7)
남대문로5가 (19),대방동 (20),창전동 (21),신설동 (22),염리동 (23),아현동 (23),명륜4가 (27),상왕십리동 (34),영등포동 (35),용강동 (44),다동 (53),보문동1가 (7)
영등포동4가 (19),증산동 (19),용답동 (21),염리동 (22),보광동 (23),강일동 (22),하계동 (27),신설동 (33),고덕동 (35),중림동 (43),성북동 (52),문래동5가 (7)
상도1동 (19),남현동 (19),황학동 (21),후암동 (22),신수동 (23),보광동 (22),신공덕동 (26),노고산동 (33),증산동 (35),동선동2가 (43),동선동2가 (52),본동 (6)
평창동 (19),충무로2가 (18),동숭동 (20),증산동 (22),당주동 (22),을지로2가 (22),염리동 (26),당산동1가 (31),다동 (34),당산동6가 (42),양평동3가 (52),문래동6가 (6)
능동 (19),도림동 (18),용강동 (19),용산동2가 (21),후암동 (22),중림동 (22),창전동 (26),옥수동 (31),신수동 (34),후암동 (41),창전동 (51),합동 (5)
상수동 (18),남창동 (18),보광동 (19),용강동 (21),명륜4가 (22),성북동 (22),당산동1가 (26),명륜2가 (31),명륜2가 (34),청진동 (41),중림동 (50),내곡동 (5)
용강동 (18),수색동 (18),우이동 (19),아현동 (21),마장동 (22),마장동 (22),당주동 (25),하왕십리동 (30),대방동 (33),창전동 (41),상일동 (50),보문동2가 (5)
충정로3가 (18),서소문동 (17),종로5가 (19),당산동5가 (20),도선동 (22),신촌동 (21),노고산동 (25),보광동 (29),을지로2가 (33),을지로7가 (40),도선동 (49),응봉동 (5)
동자동 (18),연남동 (17),구산동 (18),을지로2가 (20),냉천동 (22),충정로3가 (21),후암동 (24),남대문로5가 (29),태평로1가 (33),고덕동 (40),이촌동 (47),중동 (5)
구산동 (18),신수동 (17),을지로2가 (18),도선동 (20),양평동4가 (21),당산동6가 (21),보광동 (24),상도1동 (28),중림동 (33),익선동 (40),당주동 (47),동소문동1가 (4)
신설동 (18),을지로2가 (17),종로1가 (18),강일동 (20),명동2가 (21),구산동 (21),당산동6가 (23),하계동 (28),을지로6가 (32),남대문로5가 (39),염리동 (47),보문동4가 (4)
당산동3가 (18),당산동5가 (17),명륜4가 (18),수색동 (20),수색동 (21),능동 (20),대방동 (22),용강동 (27),창전동 (32),청파동2가 (39),일원동 (46),온수동 (4)
소공동 (17),인사동 (17),증산동 (18),명륜4가 (19),광희동1가 (21),충정로2가 (20),영등포동 (22),삼청동 (27),성북동 (32),명륜2가 (39),명동2가 (46),보문동5가 (4)
금호동1가 (17),영등포동4가 (17),양평동4가 (17),구산동 (19),성북동 (21),하왕십리동 (20),마장동 (22),한강로2가 (27),수서동 (32),우면동 (39),아현동 (45),삼선동4가 (4)
영등포동7가 (17),평창동 (16),당산동1가 (17),북아현동 (19),용강동 (20),금호동1가 (20),봉래동2가 (22),마장동 (27),대흥동 (31),낙원동 (39),익선동 (45),보문동6가 (4)
다동 (17),종로1가 (16),후암동 (17),이촌동 (19),한강로2가 (19),당산동1가 (20),북창동 (22),마곡동 (26),용강동 (31),옥수동 (37),구산동 (45),마포동 (4)
양평동1가 (17),온수동 (15),낙원동 (17),원효로1가 (18),충무로2가 (19),마곡동 (20),중림동 (21),수색동 (26),숭인동 (31),이촌동 (37),태평로2가 (45),영천동 (4)
명륜4가 (16),진관동 (15),중림동 (16),명륜2가 (18),아현동 (19),서소문동 (19),서소문동 (20),도림동 (26),도선동 (29),무교동 (35),갈월동 (43),대신동 (4)
삼청동 (16),회현동1가 (15),금호동4가 (16),금호동4가 (17),능동 (19),염리동 (19),능동 (20),창전동 (26),양평동1가 (29),증산동 (35),남현동 (43),원지동 (4)
온수동 (16),황학동 (15),금호동3가 (16),용문동 (16),청파동2가 (19),갈월동 (19),당산동4가 (20),중림동 (26),이촌동 (28),명동2가 (35),용답동 (43),양화동 (4)
옥수동 (16),하왕십리동 (15),내수동 (16),동자동 (16),충정로2가 (18),청파동2가 (19),성북동 (20),통인동 (25),관훈동 (27),대흥동 (35),원효로1가 (42),안암동2가 (3)
종로2가 (16),내수동 (15),인사동 (16),보광동 (16),인사동 (18),하계동 (19),상도1동 (20),신공덕동 (25),옥수동 (27),염리동 (35),낙원동 (41),동소문동3가 (3)
금호동2가 (16),명륜4가 (15),효제동 (15),당주동 (16),중림동 (18),충무로3가 (18),충정로3가 (20),충정로3가 (25),통인동 (26),관훈동 (34),보광동 (41),항동 (3)
양평동4가 (16),사직동 (14),당주동 (15),당산동6가 (16),장충동2가 (18),수색동 (18),청파동2가 (19),구산동 (25),내수동 (26),당주동 (34),인사동 (41),문래동4가 (3)
남영동 (15),양평동3가 (14),진관동 (15),당산동1가 (16),충무로4가 (17),삼청동 (18),한강로3가 (19),후암동 (25),용문동 (26),양평동1가 (32),옥수동 (41),천연동 (2)
신수동 (15),양평동4가 (14),갈월동 (15),영등포동2가 (16),동자동 (17),송정동 (18),다동 (19),금호동4가 (24),청파동2가 (26),당산동4가 (32),우면동 (40),안암동4가 (2)
신공덕동 (15),충정로3가 (14),충정로2가 (14),충무로4가 (15),회현동1가 (17),신설동 (18),충무로2가 (19),양평동5가 (24),당산동1가 (26),황학동 (32),북아현동 (40),안암동3가 (2)
수송동 (15),장지동 (13),성북동 (14),장충동2가 (15),충무로3가 (17),당산동5가 (18),금호동2가 (19),명륜4가 (23),남영동 (25),우이동 (31),동자동 (39),동소문동7가 (1)
관철동 (15),관수동 (13),충무로3가 (14),내수동 (15),낙원동 (16),후암동 (18),삼청동 (19),동자동 (23),하왕십리동 (25),당산동2가 (31),도림동 (39),당산동 (1)
창전동 (15),영등포동8가 (13),서계동 (14),삼선동2가 (15),구산동 (16),명륜3가 (18),용강동 (18),세곡동 (23),종로5가 (24),구산동 (31),장충동2가 (37),옥천동 (1)
갈월동 (14),한강로1가 (13),청파동2가 (14),충정로3가 (15),을지로2가 (16),금호동3가 (18),종로5가 (18),강일동 (23),북아현동 (24),충정로3가 (30),양평동2가 (37),삼선동3가 (1)
당산동2가 (14),순화동 (13),다동 (14),효제동 (15),평창동 (16),금호동4가 (17),효제동 (18),청파동2가 (22),회현동1가 (24),도선동 (30),종로5가 (36),당인동 (1)
금호동3가 (14),보광동 (13),돈암동 (14),관훈동 (15),신공덕동 (16),돈암동 (16),동자동 (18),종로5가 (22),세곡동 (24),도림동 (30),마장동 (35),현석동 (1)
보광동 (14),영등포동2가 (13),명동1가 (14),서소문동 (15),내수동 (16),남창동 (16),낙원동 (18),우면동 (22),서소문동 (23),원효로1가 (30),양평동1가 (35),한강로1가 (0)
순화동 (14),당주동 (13),무악동 (14),마장동 (15),충정로3가 (16),다동 (16),내수동 (18),염리동 (22),삼청동 (23),태평로2가 (29),필동2가 (35),의주로2가 (0)
인의동 (14),필동2가 (13),강일동 (14),충무로2가 (14),돈암동 (16),영등포동5가 (16),남창동 (17),관훈동 (22),충정로2가 (22),상도1동 (29),수송동 (35),봉래동1가 (0)
충무로2가 (14),돈암동 (13),청진동 (14),필동2가 (14),궁동 (15),도선동 (16),인사동 (17),남영동 (22),우이동 (22),신원동 (29),용강동 (35),갈월동 (0)
종로5가 (14),다동 (13),광희동1가 (13),평창동 (14),쌍림동 (15),영등포동7가 (15),혜화동 (17),도선동 (22),동선동2가 (22),성북동 (29),내수동 (34),모진동 (0)
수색동 (13),종로2가 (13),영등포동7가 (13),회현동2가 (14),정동 (15),충무로2가 (15),한강로1가 (17),원효로1가 (21),충무로4가 (22),충무로2가 (29),흥인동 (34),충정로1가 (0)
증산동 (13),동자동 (13),재동 (13),다동 (14),서소문동 (15),양평동1가 (15),도림동 (17),갈월동 (20),금호동4가 (22),당산동5가 (28),관훈동 (34),을지로7가 (0)
영등포동6가 (13),무교동 (12),원효로3가 (13),영등포동7가 (14),용산동2가 (15),돈의동 (15),당산동5가 (17),북아현동 (20),낙원동 (22),내수동 (28),종로2가 (34),남학동 (0)
구기동 (12),당산동2가 (12),남산동2가 (13),갈월동 (14),청파동3가 (15),상도1동 (15),수송동 (16),충무로2가 (20),문래동6가 (22),태평로1가 (28),돈암동 (34),광희동2가 (0)
낙원동 (12),옥수동 (12),양평동1가 (13),옥수동 (13),양평동2가 (15),소공동 (15),충무로4가 (16),용문동 (20),능동 (21),북아현동 (28),명륜2가 (34),삼각동 (0)
돈암동 (12),인의동 (12),종로6가 (13),낙원동 (13),영등포동2가 (15),내수동 (15),북아현동 (16),명동1가 (20),영등포동5가 (21),강일동 (27),회현동1가 (34),회현동3가 (0)
을지로2가 (12),수송동 (12),종로3가 (13),신촌동 (13),상도1동 (15),관훈동 (15),돈암동 (16),양평동1가 (20),원효로2가 (21),수송동 (27),금호동4가 (33),한남동 (0)
종로1가 (12),냉천동 (12),보문동7가 (13),금호동3가 (13),당산동1가 (15),광희동1가 (15),구기동 (16),인사동 (20),상왕십리동 (21),인의동 (27),우이동 (33),남대문로1가 (0)
강일동 (12),영등포동7가 (12),태평로2가 (12),인사동 (13),도림동 (15),용산동2가 (15),당산동2가 (16),청파동3가 (19),금호동3가 (21),장충동2가 (27),을지로3가 (33),천왕동 (0)
당산동4가 (11),용강동 (12),필동2가 (12),남창동 (13),필동2가 (14),용강동 (15),을지로2가 (16),능동 (19),평창동 (21),다동 (26),충정로3가 (32),청파동2가 (0)
연남동 (11),흥인동 (11),청파동3가 (12),양평동2가 (13),원효로2가 (14),남대문로5가 (14),금호동3가 (16),당산동4가 (19),장지동 (21),자곡동 (26),충무로3가 (32),신사동 (0)
영등포동8가 (11),부암동 (11),영등포동2가 (12),서계동 (13),돈의동 (14),동자동 (14),쌍림동 (16),당산동6가 (19),연건동 (21),당산동1가 (26),세곡동 (32),효창동 (0)
신계동 (11),금호동2가 (11),삼청동 (12),명륜3가 (12),상월곡동 (14),북아현동 (14),원효로1가 (15),당주동 (19),북창동 (20),수하동 (26),상도1동 (31),상가동 (0)
관훈동 (11),청진동 (11),능동 (12),청진동 (12),옥수동 (14),북창동 (14),중학동 (15),당산동5가 (19),남창동 (20),금호동3가 (26),신촌동 (31),서빙고동 (0)
광희동1가 (11),성북동 (11),미근동 (12),삼청동 (12),동선동2가 (14),양평동2가 (14),용문동 (15),서소문동 (18),냉천동 (20),서소문동 (25),순화동 (31),신창동 (0)
용산동2가 (11),당산동6가 (11),사직동 (12),내자동 (12),태평로2가 (14),충무로4가 (14),계동 (15),을지로3가 (18),당산동5가 (20),신공덕동 (25),당산동1가 (30),도원동 (0)
당산동6가 (11),우면동 (11),당산동6가 (12),삼선동4가 (12),혜화동 (14),영등포동2가 (14),양평동5가 (15),내수동 (18),마장동 (20),청파동3가 (25),당산동4가 (30),용산동5가 (0)
금호동4가 (11),능동 (11),삼선동2가 (12),영등포동6가 (12),서계동 (14),당산동2가 (14),수색동 (15),부암동 (18),원효로1가 (20),충정로2가 (25),관수동 (30),문배동 (0)
하왕십리동 (11),궁동 (11),하왕십리동 (12),태평로2가 (11),금호동2가 (14),온수동 (13),세곡동 (15),수송동 (18),금호동2가 (20),적선동 (24),증산동 (29),청암동 (0)
궁동 (11),마곡동 (11),명륜2가 (11),돈암동 (11),금호동4가 (13),낙원동 (13),관훈동 (15),장충동2가 (18),익선동 (19),평창동 (24),평창동 (29),산천동 (0)
묘동 (10),서계동 (11),평창동 (11),신문로2가 (11),남창동 (13),미근동 (13),궁동 (14),종로1가 (18),돈의동 (19),하왕십리동 (24),금호동3가 (29),동작동 (0)
청파동2가 (10),충무로4가 (11),용산동2가 (11),보문동1가 (11),신계동 (13),신계동 (13),평창동 (14),북창동 (18),상도1동 (19),양평동2가 (24),동소문동2가 (29),가동 (0)
태평로2가 (10),중림동 (11),관수동 (11),통의동 (11),남영동 (13),을지로1가 (13),송정동 (14),순화동 (17),돈암동 (19),연지동 (24),태평로1가 (29),용산동1가 (0)
당주동 (10),통인동 (11),당산동2가 (11),초동 (11),갈월동 (13),삼선동2가 (13),도선동 (14),천왕동 (17),도림동 (19),내자동 (24),명륜3가 (29),상가동동 (0)
상왕십리동 (10),팔판동 (10),용문동 (11),상도1동 (11),수하동 (13),체부동 (13),장충동2가 (14),회현동1가 (17),종로1가 (19),종로5가 (24),서린동 (28),묵정동 (0)
냉천동 (10),청파동2가 (10),온수동 (11),신문로1가 (11),온수동 (13),종로5가 (13),양평동2가 (14),종로6가 (17),양평동2가 (19),종로1가 (24),남창동 (28),토정동 (0)
회현동1가 (10),금호동4가 (10),장충동2가 (11),종로2가 (11),양평동1가 (13),용문동 (13),영등포동6가 (14),팔판동 (17),인사동 (18),마장동 (23),당산동6가 (28),하중동 (0)
용문동 (10),충신동 (10),남창동 (11),연지동 (11),금호동3가 (13),청파동3가 (12),내자동 (14),돈의동 (17),충무로2가 (18),신문로1가 (23),초동 (28),염곡동 (0)
저동2가 (10),신공덕동 (10),금호동2가 (11),양평동1가 (11),효창동 (12),서계동 (12),필운동 (13),문래동6가 (17),충정로3가 (18),용문동 (23),신공덕동 (28),현저동 (0)
남산동2가 (10),미근동 (10),궁동 (10),한강로1가 (11),종로6가 (12),평창동 (12),갈월동 (13),충무로3가 (17),수송동 (18),갈월동 (23),영등포동5가 (28),봉원동 (0)
삼선동2가 (10),구기동 (10),송정동 (10),양평동3가 (11),북아현동 (12),한강로1가 (12),초동 (13),광희동1가 (16),충무로3가 (18),신촌동 (23),충무로2가 (27),보문동3가 (0)
부암동 (10),태평로1가 (10),북창동 (10),충무로3가 (11),삼청동 (12),무학동 (12),하왕십리동 (13),삼선동2가 (16),신촌동 (17),남영동 (23),자곡동 (27),용산동6가 (0)
북창동 (10),도렴동 (10),영등포동5가 (10),팔판동 (11),세곡동 (12),원효로1가 (11),필동2가 (13),종로2가 (16),당산동2가 (17),금호동2가 (23),영등포동7가 (26),원효로4가 (0)
양평동2가 (10),광희동1가 (9),연건동 (10),궁동 (10),미근동 (12),동선동2가 (11),충무로3가 (13),궁동 (16),초동 (17),상월곡동 (23),쌍림동 (26),용산동4가 (0)
삼선동5가 (9),금호동3가 (9),옥수동 (10),하왕십리동 (10),당산동4가 (11),부암동 (11),체부동 (13),을지로7가 (16),소격동 (17),금호동4가 (23),종로1가 (26),서계동 (0)
마곡동 (9),삼청동 (9),돈의동 (10),명동1가 (10),문래동6가 (11),금호동2가 (11),충정로2가 (13),홍익동 (16),청파동3가 (17),명륜3가 (23),혜화동 (26),후암동 (0)
적선동 (9),삼선동2가 (9),신문로1가 (10),영등포동8가 (10),양평동3가 (11),양평동5가 (11),삼선동2가 (13),금호동3가 (16),순화동 (17),한강로1가 (22),삼선동2가 (26),원효로2가 (0)
필동2가 (9),구산동 (9),동자동 (10),부암동 (10),영등포동7가 (11),도림동 (11),신문로1가 (13),내자동 (16),명륜3가 (16),관수동 (22),금호동2가 (25),이태원동 (0)
성북동 (9),중동 (9),수송동 (10),을지로5가 (10),삼선동2가 (11),당산동4가 (11),을지로3가 (13),남산동2가 (15),송정동 (16),인사동 (22),청파동2가 (25),한강로3가 (0)
상월곡동 (9),장충동2가 (9),종로2가 (10),화동 (10),우면동 (11),냉천동 (11),과해동 (13),익선동 (15),당주동 (16),사근동 (21),당산동5가 (24),한강로2가 (0)
혜화동 (9),남영동 (9),부암동 (10),을지로1가 (9),재동 (11),관수동 (11),효창동 (12),평창동 (15),체부동 (16),명동1가 (21),저동1가 (24),용산동2가 (0)
영등포동5가 (9),용문동 (9),원효로1가 (10),온수동 (9),관수동 (11),흥인동 (10),남영동 (12),충정로2가 (15),서계동 (16),회현동1가 (21),삼선동5가 (24),보광동 (0)
동선동2가 (9),동선동2가 (9),순화동 (10),동선동3가 (9),종로5가 (11),구기동 (10),연지동 (12),동선동2가 (15),홍익동 (16),효제동 (20),강일동 (24),남영동 (0)
효제동 (9),당산동 (9),필동1가 (9),혜화동 (9),통의동 (11),원효로2가 (10),영등포동8가 (12),충무로4가 (15),혜화동 (16),돈암동 (20),충정로2가 (24),원효로3가 (0)
무교동 (9),영등포동6가 (9),영등포동6가 (9),중림동 (9),하왕십리동 (11),장충동2가 (10),원효로2가 (12),동소문동5가 (15),삼선동2가 (16),을지로3가 (20),누하동 (24),원효로1가 (0)
양평동3가 (8),적선동 (9),당산동 (9),송정동 (9),북창동 (10),본동 (10),태평로2가 (12),성북동 (15),관수동 (15),삼선동2가 (19),서소문동 (24),청파동3가 (0)
원지동 (8),효제동 (9),상도1동 (9),무교동 (9),본동 (10),소격동 (10),흥인동 (12),필동2가 (15),갈월동 (15),혜화동 (19),효제동 (24),용문동 (0)
연건동 (8),필운동 (8),교남동 (9),종로6가 (9),명륜3가 (10),상월곡동 (10),명동1가 (11),무교동 (15),묘동 (15),종로2가 (19),계동 (23),용산동3가 (0)
홍익동 (8),홍익동 (8),삼선동5가 (9),정동 (9),을지로3가 (10),우면동 (10),영등포동5가 (11),재동 (14),을지로3가 (15),종로3가 (19),한강로1가 (23),동자동 (0)
대신동 (8),영등포동5가 (8),장지동 (9),필동3가 (9),부암동 (10),무악동 (10),연건동 (11),통의동 (14),동소문동5가 (15),삼청동 (18),상월곡동 (23),이촌동 (0)
중동 (8),내자동 (8),무교동 (9),광희동1가 (9),인의동 (10),태평로2가 (10),충무로5가 (11),정동 (14),흥인동 (14),온수동 (18),양평동5가 (23),동빙고동 (0)
원효로2가 (8),상도1동 (8),우면동 (9),필운동 (9),원효로1가 (10),영등포동6가 (10),적선동 (11),옥인동 (14),구기동 (14),초동 (18),내자동 (22),청파동1가 (0)
종로6가 (8),충무로3가 (8),만리동2가 (9),인현동2가 (9),동선동3가 (10),인의동 (9),재동 (11),체부동 (14),연지동 (14),필동2가 (17),북창동 (22),신계동 (0)
봉익동 (8),교북동 (8),묘동 (9),북창동 (8),한강로1가 (10),인사동 (9),수표동 (11),계동 (14),신문로2가 (14),문래동6가 (17),온수동 (21),의주로1가 (0)
송정동 (8),태평로2가 (8),당산동4가 (9),남영동 (8),초동 (10),당주동 (9),당산동 (11),금호동2가 (14),부암동 (14),체부동 (17),돈의동 (21),명동1가 (0)
한강로1가 (8),혜화동 (8),신영동 (9),대신동 (8),무교동 (10),궁동 (9),청진동 (11),금호동1가 (14),영등포동6가 (14),통인동 (17),상왕십리동 (21),남산동3가 (0)
청파동3가 (8),낙원동 (8),금호동1가 (9),청파동3가 (8),금호동1가 (9),당산동 (9),양평동1가 (11),양평동3가 (13),통의동 (14),양평동3가 (17),필운동 (21),필운동 (0)
마포동 (8),신계동 (8),문래동2가 (8),회현동1가 (8),용문동 (9),종로1가 (9),영등포동2가 (11),양평동2가 (13),신문로1가 (14),세곡동 (17),청파동3가 (21),무악동 (0)
삼선동1가 (8),청파동3가 (8),당산동5가 (8),돈의동 (8),대신동 (9),혜화동 (9),종로6가 (11),한강로1가 (13),당산동6가 (13),금호동1가 (17),홍익동 (20),봉익동 (0)
후암동 (7),삼선동5가 (8),신공덕동 (8),태평로1가 (8),인현동2가 (9),종로3가 (9),종로2가 (10),장지동 (13),사근동 (13),원효로2가 (17),명륜1가 (20),이화동 (0)
미근동 (7),동소문동6가 (7),중동 (8),금호동1가 (8),송정동 (9),순화동 (9),동선동2가 (10),신문로2가 (13),필동2가 (13),영등포동6가 (17),무교동 (20),홍지동 (0)
동선동4가 (7),금호동1가 (7),원효로4가 (8),원효로3가 (8),동선동4가 (9),필동2가 (9),명륜3가 (10),신촌동 (13),궁동 (13),수색동 (16),냉천동 (20),적선동 (0)
영천동 (7),용산동2가 (7),적선동 (8),금호동2가 (8),영등포동5가 (9),청파동1가 (9),영등포동1가 (10),온수동 (13),양평동5가 (13),동소문동5가 (16),남영동 (20),원남동 (0)
서계동 (7),명동1가 (7),홍익동 (8),동소문동5가 (8),당산동5가 (9),삼선동1가 (9),태평로1가 (10),영등포동7가 (13),영등포동7가 (13),영등포동5가 (16),원효로2가 (19),효제동 (0)
우면동 (7),저동1가 (7),동소문동2가 (8),봉래동1가 (8),을지로1가 (9),회현동1가 (9),냉천동 (10),초동 (13),재동 (13),필운동 (16),신문로1가 (19),장사동 (0)
명동1가 (7),종로6가 (7),명륜3가 (8),인의동 (8),당산동2가 (9),청진동 (9),회현동1가 (10),관수동 (13),원남동 (13),영등포동7가 (16),문래동2가 (19),청진동 (0)
관수동 (7),묘동 (7),충무로4가 (8),원효로2가 (8),수송동 (9),을지로3가 (8),서계동 (9),저동2가 (13),필운동 (13),원효로3가 (16),0 (19),사간동 (0)
당산동5가 (7),통의동 (7),관훈동 (7),동소문동2가 (8),홍익동 (8),영등포동8가 (8),원효로3가 (9),응봉동 (13),상월곡동 (13),부암동 (16),성북동1가 (19),종로1가 (0)
충무로3가 (7),을지로4가 (7),서소문동 (7),동선동2가 (8),보문동7가 (8),태평로1가 (8),인의동 (9),송정동 (13),오장동 (13),묘동 (16),삼청동 (19),화동 (0)
저동1가 (7),양평동5가 (7),구기동 (7),교남동 (8),동소문동5가 (8),저동2가 (8),필동1가 (9),적선동 (12),원효로3가 (13),상왕십리동 (16),영등포동8가 (19),종로4가 (0)
주교동 (7),돈의동 (7),충신동 (7),연건동 (8),삼선동5가 (8),문래동6가 (8),무교동 (9),남창동 (12),수색동 (13),양평동5가 (15),저동2가 (18),체부동 (0)
흥인동 (7),명륜3가 (7),혜화동 (7),신영동 (8),성북동1가 (8),신문로1가 (8),금호동4가 (9),문래동2가 (12),삼선동5가 (12),필동1가 (15),교남동 (18),교북동 (0)
인현동1가 (7),을지로1가 (6),주교동 (7),종로3가 (8),원지동 (8),초동 (8),양평동3가 (9),당산동2가 (12),한강로1가 (12),서계동 (15),통의동 (18),인의동 (0)
문래동4가 (7),상월곡동 (6),응봉동 (7),수송동 (7),안암동1가 (8),대신동 (8),신계동 (9),영등포동2가 (12),명동1가 (12),홍익동 (15),종로3가 (18),종로6가 (0)
문래동1가 (7),세곡동 (6),외발산동 (7),당산동2가 (7),명동1가 (8),용산동5가 (8),홍지동 (9),효제동 (12),문래동1가 (12),순화동 (15),미근동 (18),서린동 (0)
소격동 (7),주교동 (6),회현동1가 (7),관수동 (7),영등포동8가 (8),필동3가 (8),을지로1가 (9),원효로2가 (12),장충동2가 (12),누하동 (15),궁동 (18),동숭동 (0)
진관동 (7),보문동2가 (6),상월곡동 (7),중동 (7),도렴동 (8),천왕동 (8),홍익동 (9),문배동 (12),영등포동2가 (12),송정동 (15),수하동 (17),팔판동 (0)
영등포동1가 (7),동소문동4가 (6),신계동 (7),영등포동5가 (7),태평로1가 (8),연건동 (8),청파동3가 (9),신원동 (11),영등포동8가 (12),이화동 (15),삼선동4가 (17),통인동 (0)
인사동 (7),보문동1가 (6),양평동5가 (7),충정로2가 (7),청진동 (8),효창동 (8),정동 (9),상월곡동 (11),수표동 (12),영등포동8가 (14),종로6가 (17),소격동 (0)
돈의동 (7),신문로1가 (6),효창동 (7),남대문로4가 (7),계동 (8),동소문동2가 (7),종로1가 (9),서계동 (11),태평로2가 (12),삼선동4가 (14),광희동1가 (17),교남동 (0)
외발산동 (7),북창동 (6),남영동 (7),적선동 (7),저동2가 (8),응봉동 (7),서린동 (8),영등포동6가 (11),필동3가 (11),계동 (14),문래동4가 (17),사직동 (0)
무악동 (6),사근동 (6),냉천동 (7),계동 (7),영등포동6가 (8),동소문동5가 (7),동선동3가 (8),신문로1가 (11),종로6가 (11),미근동 (14),당산동2가 (17),권농동 (0)
원효로1가 (6),충정로2가 (6),내자동 (7),응봉동 (7),주교동 (8),남영동 (7),영천동 (8),인의동 (11),신계동 (11),남산동2가 (14),원효로3가 (17),신교동 (0)
무학동 (6),신문로2가 (6),문래동4가 (7),체부동 (6),신문로1가 (8),영천동 (7),필동3가 (8),홍지동 (11),금호동1가 (11),종로6가 (14),신원동 (16),중화동 (0)
남창동 (6),송정동 (6),견지동 (6),신공덕동 (6),효제동 (7),사근동 (7),천왕동 (8),0 (11),문배동 (11),충무로3가 (13),명동1가 (16),신내동 (0)
종로3가 (6),원남동 (6),연지동 (6),홍지동 (6),무악동 (7),홍익동 (7),영등포동7가 (8),동소문동2가 (11),이화동 (11),광희동1가 (13),신문로2가 (16),양평동 (0)
공평동 (6),원효로1가 (5),신문로2가 (6),상월곡동 (6),서린동 (7),명동1가 (7),문래동2가 (8),동선동3가 (11),가회동 (11),홍지동 (13),적선동 (16),양평동6가 (0)
도렴동 (6),저동2가 (5),무학동 (6),문래동4가 (6),삼선동4가 (7),인현동2가 (7),무악동 (8),혜화동 (11),도렴동 (11),연건동 (13),용문동 (15),공항동 (0)
신촌동 (6),문래동4가 (5),충무로5가 (6),우면동 (6),마곡동 (7),팔판동 (7),이화동 (8),영등포동5가 (10),동소문동2가 (11),을지로1가 (13),동선동4가 (15),역삼동 (0)
과해동 (6),무악동 (5),동선동3가 (6),미근동 (6),무학동 (7),세곡동 (7),종로3가 (8),가회동 (10),문래동4가 (11),중동 (13),서계동 (15),궁정동 (0)
신문로1가 (6),교남동 (5),서린동 (6),안국동 (6),필동3가 (7),외발산동 (7),금호동1가 (8),냉천동 (10),누하동 (11),수표동 (13),사근동 (15),행촌동 (0)
오장동 (6),0 (5),통의동 (6),동소문동4가 (6),동빙고동 (7),연지동 (7),광희동1가 (8),명륜3가 (10),정동 (10),흥인동 (12),통인동 (15),송현동 (0)
문래동2가 (6),서린동 (5),동선동2가 (6),과해동 (6),종로1가 (7),필운동 (7),청파동1가 (7),중동 (10),양평동3가 (10),신계동 (12),영등포동6가 (15),효자동 (0)
삼선동4가 (6),동소문동2가 (5),영등포동8가 (6),소격동 (6),통인동 (7),내자동 (7),응봉동 (7),영등포동8가 (10),동선동4가 (10),대신동 (12),보문동7가 (14),예지동 (0)
신문로2가 (6),청파동1가 (5),정동 (6),효창동 (6),필동1가 (7),신문로2가 (7),사근동 (7),누상동 (10),당산동 (10),청파동1가 (12),필동3가 (14),충신동 (0)
만리동2가 (6),종로3가 (5),본동 (6),율현동 (6),흥인동 (7),회현동2가 (7),돈의동 (7),사직동 (10),안국동 (10),서린동 (12),봉래동2가 (14),홍파동 (0)
보문동7가 (6),연건동 (5),동소문동6가 (6),명륜1가 (6),소격동 (7),무교동 (7),도렴동 (7),화동 (10),구수동 (10),동선동5가 (12),을지로1가 (14),중학동 (0)
당산동 (6),당산동4가 (5),양평동2가 (6),순화동 (6),적선동 (7),계동 (7),옥인동 (7),원효로3가 (9),인의동 (10),보문동7가 (12),송정동 (14),청운동 (0)
동선동3가 (6),연지동 (5),문래동1가 (6),저동2가 (6),구수동 (7),봉익동 (6),문래동1가 (7),마포동 (9),적선동 (10),동소문동2가 (12),체부동 (14),누상동 (0)
연지동 (6),문배동 (4),을지로1가 (6),도렴동 (6),중동 (7),필동1가 (6),온수동 (7),태평로1가 (9),와룡동 (10),저동2가 (12),금호동1가 (14),운니동 (0)
교남동 (5),동선동4가 (4),필동3가 (6),필동1가 (6),종로2가 (7),봉래동2가 (6),통인동 (7),무악동 (9),중동 (10),효창동 (11),당산동 (14),옥인동 (0)
필운동 (5),강일동 (4),영등포동1가 (6),묘동 (6),중학동 (7),동소문동7가 (6),장지동 (7),수하동 (9),남산동2가 (10),정동 (11),문래동6가 (14),신문로2가 (0)
충무로4가 (5),충무로5가 (4),홍지동 (6),삼선동5가 (6),연건동 (7),적선동 (6),순화동 (7),필운동 (9),계동 (10),궁동 (11),화동 (14),내자동 (0)
원효로3가 (5),보문동7가 (4),봉래동2가 (5),흥인동 (6),종로3가 (6),종로6가 (6),문래동6가 (7),충무로5가 (9),성북동1가 (10),문래동2가 (11),대신동 (14),연건동 (0)
통의동 (5),양평동2가 (4),청파동1가 (5),홍익동 (6),원서동 (6),보문동7가 (6),신촌동 (6),소격동 (9),서린동 (9),소격동 (11),원지동 (13),창성동 (0)
인현동2가 (5),문래동1가 (4),남대문로4가 (5),성북동 (6),원효로4가 (6),문래동4가 (6),원효로4가 (6),효창동 (9),사직동 (9),문배동 (11),필동1가 (13),경운동 (0)
운니동 (5),양화동 (4),을지로5가 (5),서린동 (5),이화동 (6),화동 (6),소격동 (6),오장동 (9),신원동 (9),회현동2가 (11),문배동 (13),내수동 (0)
서소문동 (5),마포동 (4),장충동1가 (5),외발산동 (5),남산동2가 (6),마포동 (6),중동 (6),명륜1가 (9),옥인동 (9),삼선동5가 (11),묘동 (13),망우동 (0)
장교동 (5),홍파동 (4),원남동 (5),문래동6가 (5),명륜1가 (6),장지동 (6),동작동 (6),묘동 (9),종로2가 (9),구기동 (11),안국동 (12),창신동 (0)
남대문로2가 (5),신원동 (4),영천동 (5),당산동4가 (5),양평동5가 (6),수송동 (6),문배동 (6),당산동 (9),을지로1가 (9),충무로4가 (11),영등포동2가 (12),도렴동 (0)
동소문동5가 (5),문래동6가 (4),충정로3가 (5),양평동5가 (5),사직동 (6),삼선동5가 (6),운니동 (6),필동3가 (8),저동2가 (9),냉천동 (11),본동 (12),관철동 (0)
신원동 (5),옥천동 (4),동선동4가 (5),문래동2가 (5),원효로3가 (6),원지동 (6),남대문로2가 (6),구기동 (8),광희동2가 (9),영등포동2가 (11),남산동2가 (12),명륜2가 (0)
쌍림동 (5),효창동 (4),양평동3가 (5),장지동 (5),동소문동1가 (6),내곡동 (6),동소문동5가 (6),수표동 (8),동선동3가 (9),북창동 (11),이화동 (12),수송동 (0)
동소문동1가 (4),만리동2가 (4),삼선동4가 (5),보문동7가 (5),봉래동1가 (6),효제동 (6),장교동 (6),원서동 (8),미근동 (9),남창동 (11),무학동 (12),종로3가 (0)
산천동 (4),견지동 (4),도렴동 (5),동소문동1가 (5),문래동5가 (6),양평동3가 (6),부암동 (6),연건동 (8),무교동 (9),안국동 (11),동소문동4가 (12),익선동 (0)
본동 (4),갈월동 (4),초동 (4),본동 (5),동소문동6가 (6),안국동 (6),익선동 (6),삼선동4가 (8),광희동1가 (9),남산동1가 (10),부암동 (11),명륜3가 (0)
문래동6가 (4),남산동2가 (4),천왕동 (4),보문동5가 (5),남대문로2가 (6),수표동 (5),관수동 (6),봉익동 (8),강일동 (9),당산동 (10),누상동 (11),삼청동 (0)
홍지동 (4),남대문로4가 (4),종로4가 (4),무악동 (5),천왕동 (6),쌍림동 (5),통의동 (6),동작동 (8),동소문동6가 (9),충무로5가 (10),만리동1가 (11),계동 (0)
와룡동 (4),응봉동 (4),체부동 (4),오장동 (5),구기동 (6),성북동1가 (5),누하동 (6),원남동 (8),효제동 (9),필동3가 (10),동소문동5가 (11),명륜4가 (0)
초동 (4),원효로2가 (4),교북동 (4),구수동 (5),교북동 (6),원효로3가 (5),보문동1가 (6),종로3가 (8),주교동 (8),동소문동6가 (10),수표동 (11),부암동 (0)
응봉동 (4),충정로1가 (4),문배동 (4),을지로3가 (5),화동 (5),인현동1가 (5),동선동5가 (6),안국동 (8),신공덕동 (8),돈의동 (10),보문동2가 (11),가회동 (0)
예관동 (4),장충동1가 (4),개화동 (4),보문동2가 (5),용산동5가 (5),광희동2가 (5),삼선동3가 (6),누하동 (8),무학동 (8),영천동 (9),인의동 (11),관훈동 (0)
을지로1가 (4),수표동 (4),마포동 (4),당산동 (5),충무로5가 (5),정동 (5),보문동7가 (6),장충동1가 (8),율현동 (8),남대문로4가 (9),수색동 (11),증산동 (0)
장충동1가 (4),오장동 (3),공평동 (4),봉래동2가 (5),동소문동4가 (5),사직동 (5),동소문동6가 (6),미근동 (8),내자동 (8),문래동4가 (9),재동 (11),구산동 (0)
정동 (4),삼선동1가 (3),팔판동 (4),마곡동 (5),영등포동1가 (5),중동 (5),동소문동2가 (6),삼선동5가 (7),대신동 (8),문래동5가 (9),용산동6가 (11),불광동 (0)
묵정동 (4),의주로1가 (3),대신동 (4),무학동 (5),내자동 (5),신영동 (5),삼선동1가 (6),와룡동 (7),삼선동1가 (8),구수동 (9),응봉동 (11),진관동 (0)
계동 (4),필동1가 (3),과해동 (4),장충동1가 (4),순화동 (5),문래동2가 (5),동소문동4가 (5),동소문동6가 (7),견지동 (8),안암동1가 (9),영천동 (11),역촌동 (0)
필동3가 (4),남대문로2가 (3),장교동 (4),재동 (4),장지동 (5),자곡동 (5),명륜1가 (5),보문동7가 (7),남대문로3가 (8),명륜1가 (9),사간동 (10),녹번동 (0)
필동1가 (4),상왕십리동 (3),보문동2가 (4),가회동 (4),안암동2가 (5),율현동 (5),신문로2가 (5),대신동 (7),효창동 (8),삼선동1가 (9),정동 (10),응암동 (0)
동소문동2가 (4),동소문동3가 (3),신촌동 (4),사직동 (4),체부동 (5),문래동1가 (4),사직동 (5),보문동5가 (7),종로3가 (8),옥인동 (9),동소문동1가 (10),갈현동 (0)
체부동 (4),남대문로3가 (3),을지로3가 (4),와룡동 (4),오장동 (5),과해동 (4),장충동1가 (5),쌍림동 (7),신영동 (8),통의동 (9),동선동5가 (10),대조동 (0)
회현동2가 (4),신영동 (3),행촌동 (4),동선동4가 (4),연지동 (5),동선동5가 (4),외발산동 (5),흥인동 (7),동소문동4가 (8),율현동 (9),구수동 (10),숭인동 (0)
태평로1가 (4),공평동 (3),원지동 (4),충무로5가 (4),안국동 (5),충무로5가 (4),문래동5가 (5),회현동2가 (7),을지로7가 (7),사직동 (9),문래동5가 (10),관수동 (0)
종로4가 (4),삼선동4가 (3),세곡동 (4),종로1가 (4),동소문동7가 (4),수하동 (4),0 (5),율현동 (7),천왕동 (7),견지동 (9),중동 (10),돈의동 (0)
구수동 (3),경운동 (3),쌍림동 (4),종로4가 (4),신영동 (4),종로2가 (4),구수동 (5),문래동1가 (7),영등포동1가 (7),내곡동 (8),권농동 (10),혜화동 (0)
세곡동 (3),효자동 (3),장사동 (3),을지로4가 (4),영천동 (4),평동 (4),묘동 (5),원효로4가 (6),본동 (7),0 (8),양화동 (10),신문로1가 (0)
안암동4가 (3),예지동 (3),동소문동3가 (3),원지동 (4),문래동2가 (4),동선동4가 (4),주교동 (5),서린동 (6),충신동 (7),창성동 (8),연건동 (10),종로2가 (0)
봉래동1가 (3),예장동 (3),계동 (3),공평동 (4),당산동 (4),사간동 (4),대신동 (5),동빙고동 (6),온수동 (7),예장동 (8),동빙고동 (10),연지동 (0)
양평동6가 (3),청운동 (3),익선동 (3),동소문동6가 (4),효자동 (4),저동1가 (4),동선동4가 (5),돈암동 (6),회현동3가 (7),팔판동 (8),인현동2가 (10),당주동 (0)
문래동5가 (3),동선동3가 (3),동소문동4가 (3),남산동2가 (4),견지동 (4),을지로4가 (4),원남동 (5),구수동 (6),내곡동 (7),천왕동 (8),남대문로3가 (10),공평동 (0)
동선동5가 (3),문래동5가 (3),동소문동1가 (3),견지동 (4),용산동3가 (4),동소문동4가 (4),마곡동 (5),교남동 (6),동빙고동 (7),오장동 (8),도렴동 (9),평동 (0)
동소문동7가 (3),인현동2가 (3),원서동 (3),문래동1가 (4),을지로5가 (4),통인동 (4),남대문로4가 (5),동선동5가 (6),홍지동 (7),도렴동 (8),평동 (9),0 (0)
산림동 (3),정동 (3),가회동 (3),통인동 (4),회현동2가 (4),도렴동 (4),안국동 (5),동소문동1가 (6),인현동2가 (7),주교동 (8),청파동1가 (9),종로5가 (0)
만리동1가 (3),신촌동 (3),합동 (3),영천동 (4),신문로2가 (4),문배동 (4),저동2가 (5),태평로2가 (6),경운동 (7),보문동5가 (7),을지로4가 (9),구기동 (0)
교북동 (3),용산동5가 (3),신원동 (3),신계동 (4),팔판동 (4),묘동 (4),보문동5가 (4),필동1가 (6),명륜1가 (6),누상동 (7),마포동 (9),묘동 (0)
용산동3가 (3),재동 (3),산천동 (3),구기동 (4),장교동 (4),명륜1가 (4),상월곡동 (4),과해동 (6),누상동 (6),신영동 (7),율현동 (9),신영동 (0)
현저동 (3),보문동5가 (3),이화동 (3),이화동 (3),삼선동1가 (4),동빙고동 (4),동소문동7가 (4),안암동1가 (6),영천동 (6),동선동3가 (7),원서동 (9),견지동 (0)
안국동 (3),체부동 (3),용산동5가 (3),봉익동 (3),남산동1가 (4),합동 (4),견지동 (4),산천동 (6),보문동2가 (6),광희동2가 (7),효창동 (9),명륜1가 (0)
남산동1가 (3),대신동 (3),신교동 (3),남대문로3가 (3),평동 (4),장충동1가 (3),와룡동 (4),남대문로4가 (6),동소문동1가 (6),쌍림동 (7),만리동2가 (9),원서동 (0)
신영동 (3),무학동 (3),인현동2가 (3),마포동 (3),회현동3가 (3),교북동 (3),교남동 (4),봉래동2가 (6),평동 (6),보문동1가 (7),오장동 (9),낙원동 (0)
재동 (3),삼각동 (3),동빙고동 (3),평동 (3),사근동 (3),동소문동6가 (3),종로4가 (4),효자동 (5),인현동1가 (6),화동 (7),연지동 (9),와룡동 (0)
0 (3),을지로5가 (3),용산동6가 (3),청파동1가 (3),익선동 (3),견지동 (3),미근동 (4),을지로4가 (5),수하동 (6),원효로4가 (7),홍지동 (9),평창동 (0)
을지로3가 (3),동빙고동 (3),만리동1가 (3),충신동 (3),종로4가 (3),묵정동 (3),팔판동 (4),인현동1가 (5),을지로4가 (6),영등포동1가 (7),사직동 (9),재동 (0)
남대문로4가 (3),남산동1가 (3),남대문로2가 (3),창성동 (3),보문동2가 (3),구수동 (3),예장동 (4),보문동4가 (5),남대문로4가 (6),응봉동 (6),동선동3가 (8),안국동 (0)
삼선동3가 (2),원효로3가 (3),문래동6가 (3),문배동 (3),저동1가 (3),가회동 (3),인현동2가 (4),을지로1가 (5),회현동2가 (5),묵정동 (6),남대문로2가 (8),누하동 (0)
원서동 (2),쌍림동 (3),홍파동 (3),쌍림동 (3),홍지동 (3),양화동 (3),묵정동 (4),문래동4가 (5),팔판동 (5),운니동 (6),영등포동1가 (8),통의동 (0)
현석동 (2),계동 (3),인현동1가 (3),묵정동 (3),을지로4가 (3),토정동 (3),오장동 (4),을지로5가 (5),청파동1가 (5),안암동2가 (6),중학동 (8),인사동 (0)
화동 (2),명륜1가 (3),저동2가 (3),삼선동1가 (3),입정동 (3),옥인동 (3),동빙고동 (4),원지동 (5),중학동 (5),경운동 (6),소격동 (8),면목동 (0)
권농동 (2),종로4가 (2),마곡동 (3),합동 (3),응봉동 (3),운니동 (3),예지동 (4),연지동 (5),봉래동2가 (5),성북동1가 (6),와룡동 (8),묵동 (0)
원남동 (2),소격동 (2),을지로7가 (3),주교동 (3),마포동 (3),동선동3가 (3),남산동2가 (4),충신동 (5),무악동 (5),동소문동4가 (6),천연동 (8),정동 (0)
경운동 (2),영천동 (2),운니동 (3),장교동 (3),외발산동 (3),보문동4가 (3),청운동 (3),무학동 (5),필동1가 (5),재동 (6),보문동1가 (8),태평로1가 (0)
보문동4가 (2),구수동 (2),항동 (3),인현동1가 (3),인현동1가 (3),익선동 (3),삼선동4가 (3),동선동4가 (5),을지로5가 (5),청운동 (5),용산동5가 (8),인현동1가 (0)
청운동 (2),원지동 (2),창성동 (3),삼선동3가 (3),과해동 (3),누하동 (3),신원동 (3),외발산동 (5),삼선동4가 (5),가회동 (5),충무로5가 (8),황학동 (0)
내곡동 (2),남학동 (2),삼선동1가 (2),0 (3),신창동 (3),동소문동1가 (3),을지로4가 (3),도렴동 (5),충무로5가 (5),남대문로2가 (5),천왕동 (7),회현동1가 (0)
옥인동 (2),묵정동 (2),오장동 (2),누하동 (3),동선동5가 (3),영등포동1가 (3),옥천동 (3),이화동 (5),마포동 (4),보문동2가 (5),안암동1가 (7),봉래동2가 (0)
서린동 (2),창성동 (2),광희동2가 (2),동빙고동 (3),문래동4가 (3),홍지동 (3),가회동 (3),용산동1가 (5),안암동1가 (4),산림동 (5),삼선동1가 (7),필동2가 (0)
성북동1가 (2),홍지동 (2),내곡동 (2),보문동4가 (2),묘동 (3),주교동 (3),현저동 (3),신교동 (4),응봉동 (4),동선동4가 (5),보문동6가 (7),저동2가 (0)
장사동 (2),화동 (2),0 (2),신원동 (2),보문동5가 (3),보문동6가 (3),회현동2가 (3),남산동1가 (4),남산동1가 (4),본동 (5),염곡동 (7),회현동2가 (0)
안암동1가 (2),이화동 (2),원효로2가 (2),천연동 (2),보문동1가 (3),남산동1가 (3),삼선동5가 (3),용산동5가 (4),문래동5가 (4),동소문동1가 (5),옥인동 (7),무교동 (0)
남대문로3가 (2),봉익동 (2),효자동 (2),하중동 (2),수표동 (3),남대문로4가 (3),남대문로3가 (3),영천동 (4),신교동 (4),무악동 (5),구기동 (7),남산동2가 (0)
명륜3가 (2),관훈동 (2),삼선동3가 (2),교북동 (2),누하동 (3),재동 (3),남산동3가 (3),동소문동4가 (4),도원동 (4),동작동 (5),종로4가 (7),순화동 (0)
수표동 (2),장사동 (2),동소문동5가 (2),영등포동1가 (2),율현동 (3),이화동 (3),남산동1가 (3),평동 (4),예관동 (4),무학동 (5),용산동3가 (7),장충동2가 (0)
입정동 (2),초동 (2),남대문로3가 (2),장사동 (2),와룡동 (3),원효로4가 (3),봉익동 (3),주교동 (4),운니동 (4),을지로5가 (5),공평동 (7),태평로2가 (0)
동빙고동 (2),인현동1가 (2),저동1가 (2),회현동3가 (2),동소문동3가 (3),서린동 (3),을지로5가 (3),동소문동7가 (4),용산동5가 (4),합동 (5),외발산동 (7),남대문로5가 (0)
청파동1가 (2),누하동 (2),명륜1가 (2),문래동5가 (2),봉익동 (2),남대문로3가 (3),충정로1가 (3),삼선동1가 (4),충정로1가 (4),신문로2가 (5),동소문동6가 (7),주자동 (0)
을지로4가 (2),와룡동 (2),봉래동1가 (2),개화동 (2),항동 (2),천연동 (3),창성동 (3),청파동1가 (4),보문동5가 (4),보문동4가 (4),보문동4가 (7),방산동 (0)
도원동 (2),원효로4가 (2),봉익동 (2),원효로4가 (2),원남동 (2),신원동 (3),수하동 (3),성북동1가 (4),장충동1가 (4),천연동 (4),남대문로4가 (7),충무로4가 (0)
문배동 (2),안암동2가 (2),와룡동 (2),남산동1가 (2),합동 (2),종로4가 (2),공평동 (2),본동 (4),합동 (4),종로4가 (4),주교동 (7),수표동 (0)
수하동 (2),서빙고동 (2),예장동 (2),수하동 (2),천연동 (2),충신동 (2),신영동 (2),삼선동3가 (4),문래동2가 (4),권농동 (4),충무로4가 (6),충무로2가 (0)
충무로5가 (2),동소문동1가 (2),문래동5가 (2),수표동 (2),창성동 (2),누상동 (2),경운동 (2),사간동 (4),방산동 (4),장사동 (4),원효로4가 (6),초동 (0)
가회동 (2),동선동5가 (2),예지동 (2),방산동 (2),사간동 (2),교남동 (2),무학동 (2),중학동 (3),쌍림동 (4),남대문로3가 (4),봉익동 (6),쌍림동 (0)
보문동6가 (2),안국동 (2),누하동 (2),익선동 (2),필운동 (2),삼선동4가 (2),예관동 (2),청운동 (3),저동1가 (3),보문동6가 (4),동소문동3가 (6),북창동 (0)
동소문동4가 (2),남대문로1가 (2),인의동 (2),안암동1가 (2),동소문동2가 (2),현저동 (2),합동 (2),남대문로2가 (3),화동 (3),회현동3가 (4),삼선동3가 (6),명동2가 (0)
장지동 (2),을지로3가 (2),사근동 (2),입정동 (2),보문동4가 (2),보문동5가 (2),율현동 (2),광희동2가 (3),종로4가 (3),개화동 (4),충신동 (6),다동 (0)
양평동5가 (2),송현동 (2),옥인동 (2),용산동5가 (2),삼선동3가 (2),경운동 (2),용산동6가 (2),묵정동 (3),장교동 (3),용산동3가 (4),인현동1가 (6),을지로3가 (0)
사근동 (2),동소문동5가 (2),화동 (2),산천동 (2),충신동 (2),0 (2),보문동4가 (2),만리동1가 (3),천연동 (3),동빙고동 (4),청운동 (6),무학동 (0)
회현동3가 (1),필동3가 (2),보문동5가 (2),양화동 (2),0 (2),삼각동 (2),보문동2가 (2),남대문로3가 (3),교남동 (3),인현동2가 (4),내곡동 (6),남대문로3가 (0)
옥천동 (1),익선동 (2),통인동 (2),세곡동 (2),용산동6가 (2),남학동 (2),평동 (2),보문동1가 (3),예지동 (3),토정동 (4),묵정동 (6),장충동1가 (0)
광희동2가 (1),평동 (2),경운동 (2),효자동 (2),산림동 (2),봉래동1가 (2),동소문동3가 (2),견지동 (3),0 (3),문래동1가 (4),장충동1가 (6),장교동 (0)
천연동 (1),만리동1가 (2),수하동 (2),사근동 (2),봉래동2가 (2),남산동3가 (2),만리동1가 (2),문래동5가 (3),당인동 (3),양평동6가 (4),원남동 (6),을지로1가 (0)
예장동 (1),문래동2가 (2),현석동 (2),예장동 (2),청파동1가 (2),산림동 (2),당인동 (2),사근동 (3),남대문로1가 (3),동소문동7가 (4),신영동 (5),예장동 (0)
봉원동 (1),본동 (2),율현동 (2),만리동2가 (2),남대문로3가 (2),와룡동 (2),저동1가 (2),신계동 (3),안암동2가 (3),와룡동 (4),신계동 (5),광희동1가 (0)
남학동 (1),가회동 (1),을지로4가 (2),청운동 (2),신원동 (2),오장동 (2),충신동 (2),서빙고동 (3),보문동1가 (3),만리동1가 (4),봉래동1가 (5),흥인동 (0)
충정로1가 (1),안암동1가 (1),동작동 (2),안암동4가 (2),서빙고동 (2),남대문로2가 (2),화동 (2),종로4가 (3),동선동5가 (3),충신동 (4),당인동 (5),만리동2가 (0)
남산동3가 (1),천연동 (1),누상동 (2),동소문동7가 (2),도원동 (2),용산동1가 (2),본동 (2),염곡동 (3),남대문로2가 (3),교남동 (4),남산동1가 (5),저동1가 (0)
익선동 (1),봉원동 (1),용산동3가 (2),저동1가 (2),문배동 (2),용산동6가 (2),신교동 (2),영등포동1가 (3),효자동 (3),현석동 (4),장사동 (5),산림동 (0)
효창동 (1),성북동1가 (1),안국동 (2),예관동 (2),가회동 (2),서빙고동 (2),효자동 (2),당인동 (3),신창동 (3),항동 (4),현석동 (5),만리동1가 (0)
동소문동3가 (1),보문동6가 (1),방산동 (2),원남동 (2),산천동 (2),남산동2가 (2),상왕십리동 (2),장교동 (2),권농동 (2),입정동 (3),장교동 (5),인현동2가 (0)
홍파동 (1),보문동4가 (1),상왕십리동 (1),용산동4가 (1),문래동1가 (2),보문동1가 (2),토정동 (2),봉래동1가 (2),보문동7가 (2),충정로1가 (3),회현동2가 (5),수색동 (0)
원효로4가 (1),동소문동7가 (1),남산동1가 (1),남산동3가 (1),상왕십리동 (2),동작동 (2),하중동 (2),의주로1가 (2),의주로2가 (2),봉래동1가 (3),운니동 (5),오장동 (0)
봉래동2가 (1),현저동 (1),보문동4가 (1),성북동1가 (1),장충동1가 (2),공평동 (2),양화동 (2),경운동 (2),묵정동 (2),남산동3가 (3),예장동 (5),예관동 (0)
안암동3가 (1),삼선동3가 (1),동소문동7가 (1),산림동 (1),남산동3가 (2),현석동 (2),원서동 (2),남산동3가 (2),안암동4가 (2),장교동 (3),동소문동7가 (4),을지로4가 (0)
보문동5가 (1),권농동 (1),흥인동 (1),광희동2가 (1),묵정동 (2),권농동 (2),안암동3가 (2),입정동 (2),삼각동 (2),예관동 (3),안암동3가 (4),충무로3가 (0)
양화동 (1),송월동 (1),태평로1가 (1),냉천동 (1),청운동 (2),당인동 (2),염곡동 (2),용산동6가 (2),산림동 (2),원남동 (3),보문동5가 (4),남대문로2가 (0)
당인동 (1),합동 (1),산림동 (1),현저동 (1),광희동2가 (2),효자동 (2),산천동 (2),남학동 (2),동소문동3가 (2),인현동1가 (3),문래동1가 (4),입정동 (0)
명륜1가 (1),영등포동1가 (1),보문동3가 (1),용산동3가 (1),남대문로1가 (2),보문동2가 (1),성북동1가 (2),행촌동 (2),봉래동1가 (2),용산동6가 (3),산림동 (4),필동3가 (0)
평동 (1),회현동3가 (1),안암동1가 (1),옥인동 (1),예장동 (1),안암동1가 (1),내곡동 (2),예장동 (2),안암동3가 (2),효자동 (3),회현동3가 (4),서소문동 (0)
율현동 (1),봉래동1가 (1),보문동1가 (1),사간동 (1),예관동 (1),안암동4가 (1),안암동1가 (2),용산동3가 (2),남산동3가 (2),삼선동3가 (3),가회동 (4),남대문로4가 (0)
창성동 (1),남산동3가 (1),보문동6가 (1),운니동 (1),경운동 (1),원서동 (1),의주로1가 (1),예지동 (2),상가동 (2),중학동 (3),견지동 (4),필동1가 (0)
누하동 (1),장교동 (1),동선동5가 (1),동선동5가 (1),만리동1가 (1),상왕십리동 (1),안암동2가 (1),충정로1가 (2),입정동 (2),마포동 (3),충정로1가 (4),중림동 (0)
견지동 (1),산림동 (1),송월동 (1),보문동6가 (1),권농동 (1),항동 (1),봉래동1가 (1),삼각동 (2),창성동 (2),원서동 (2),개화동 (4),남창동 (0)
중학동 (1),예관동 (1),모진동 (1),예지동 (1),의주로1가 (1),하중동 (1),인현동1가 (1),인현동2가 (2),개화동 (2),안암동4가 (2),양평동6가 (4),상봉동 (0)
천왕동 (1),봉래동2가 (1),중학동 (1),신교동 (1),충정로1가 (1),동소문동3가 (1),산림동 (1),옥천동 (2),양화동 (2),상가동동 (2),행촌동 (4),자곡동 (0)
보문동3가 (0),회현동2가 (1),도원동 (1),내곡동 (1),공평동 (1),행촌동 (1),광희동2가 (1),신영동 (2),현석동 (2),평동 (2),신교동 (4),개화동 (0)
동소문동6가 (0),신창동 (1),용산동1가 (1),행촌동 (1),만리동2가 (1),을지로7가 (1),삼각동 (1),운니동 (2),토정동 (2),예지동 (2),남대문로1가 (4),과해동 (0)
안암동2가 (0),청암동 (1),염곡동 (1),안암동2가 (1),양평동6가 (1),의주로1가 (1),회현동3가 (1),창성동 (2),청운동 (2),장충동1가 (2),산천동 (4),외발산동 (0)
보문동1가 (0),과해동 (1),평동 (1),경운동 (1),남대문로4가 (1),용산동4가 (1),입정동 (1),신창동 (2),원효로4가 (2),을지로4가 (2),창성동 (4),가양동 (0)
보문동2가 (0),자곡동 (1),옥천동 (1),신창동 (1),신교동 (1),장교동 (1),동소문동1가 (1),현저동 (2),원서동 (2),외발산동 (2),도원동 (4),내발산동 (0)
행촌동 (0),동작동 (1),필운동 (1),안암동3가 (1),옥인동 (1),예관동 (1),보문동6가 (1),천연동 (2),현저동 (2),신창동 (2),동작동 (4),염창동 (0)
통인동 (0),수하동 (1),현저동 (1),용산동6가 (1),교남동 (1),신창동 (1),누상동 (1),안암동4가 (2),봉익동 (2),도원동 (2),을지로5가 (3),화곡동 (0)
용산동1가 (0),하중동 (1),소격동 (1),토정동 (1),당인동 (1),도원동 (1),용산동4가 (1),현석동 (2),옥천동 (2),공평동 (2),입정동 (3),방화동 (0)
개화동 (0),누상동 (1),권농동 (1),상왕십리동 (0),토정동 (1),방산동 (1),문래동4가 (1),장사동 (2),교북동 (1),산천동 (2),옥천동 (3),등촌동 (0)
오쇠동 (0),중학동 (1),하중동 (1),보문동3가 (0),현석동 (1),문래동5가 (1),사간동 (1),보문동6가 (1),동소문동7가 (1),양화동 (2),신창동 (3),마곡동 (0)
을지로5가 (0),운니동 (1),토정동 (1),남대문로2가 (0),신촌동 (1),을지로5가 (1),청암동 (1),산림동 (1),외발산동 (1),신교동 (2),팔판동 (3),율현동 (0)
청암동 (0),입정동 (0),남대문로1가 (1),상가동 (0),송현동 (1),창성동 (1),원지동 (1),안암동2가 (1),동작동 (1),용산동5가 (2),안암동2가 (3),미아동 (0)
용산동5가 (0),보문동3가 (0),용산동4가 (1),원서동 (0),용산동1가 (1),중학동 (1),장사동 (1),도원동 (1),공평동 (1),당인동 (2),홍파동 (3),압구정동 (0)
신창동 (0),주자동 (0),서빙고동 (0),용산동1가 (0),안암동3가 (1),청운동 (1),용산동5가 (1),주자동 (1),양평동6가 (1),동소문동3가 (2),무악동 (3),일원동 (0)
서빙고동 (0),현석동 (0),입정동 (0),양평동 (0),안암동4가 (1),염곡동 (1),도원동 (1),안암동3가 (1),만리동1가 (1),봉익동 (1),합동 (3),수서동 (0)
용산동6가 (0),토정동 (0),자곡동 (0),자곡동 (0),궁정동 (1),원남동 (1),신창동 (1),용산동4가 (1),보문동6가 (1),교북동 (1),남학동 (2),세곡동 (0)
방산동 (0),용산동4가 (0),회현동3가 (0),의주로2가 (0),옥천동 (1),예장동 (0),서빙고동 (1),저동1가 (1),궁정동 (1),현저동 (1),남산동3가 (2),개포동 (0)
양평동 (0),의주로2가 (0),신창동 (0),오쇠동 (0),동작동 (1),입정동 (0),용산동1가 (1),만리동2가 (1),주자동 (1),보문동3가 (1),광희동2가 (2),도곡동 (0)
주자동 (0),양평동6가 (0),회현동2가 (0),모진동 (0),보문동3가 (0),용산동3가 (0),권농동 (1),항동 (1),산천동 (1),방산동 (1),안암동4가 (2),대치동 (0)
용산동4가 (0),방산동 (0),청암동 (0),주자동 (0),보문동6가 (0),만리동1가 (0),용산동3가 (1),내곡동 (1),청암동 (1),용산동1가 (1),의주로1가 (2),청담동 (0)
의주로2가 (0),모진동 (0),주자동 (0),항동 (0),홍파동 (0),만리동2가 (0),천연동 (1),개화동 (1),남학동 (1),서빙고동 (1),현저동 (2),논현동 (0)
모진동 (0),당인동 (0),사간동 (0),천왕동 (0),봉원동 (0),모진동 (0),마포동 (1),양평동6가 (1),예장동 (1),옥천동 (1),항동 (2),삼성동 (0)
의주로1가 (0),옥인동 (0),수표동 (0),을지로7가 (0),현저동 (0),송현동 (0),양평동6가 (1),남대문로1가 (1),하중동 (1),남대문로1가 (1),예관동 (2),오쇠동 (0)
항동 (0),항동 (0),오쇠동 (0),남대문로1가 (0),을지로7가 (0),옥천동 (0),을지로7가 (0),합동 (1),봉원동 (1),염곡동 (1),경운동 (2),수유동 (0)
삼각동 (0),염곡동 (0),상가동동 (0),삼각동 (0),삼각동 (0),충정로1가 (0),현석동 (0),양화동 (1),서빙고동 (1),의주로1가 (1),교북동 (2),주교동 (0)
남대문로1가 (0),광희동2가 (0),가동 (0),남학동 (0),남학동 (0),의주로2가 (0),행촌동 (0),회현동3가 (1),원지동 (1),만리동2가 (1),효자동 (2),봉천동 (0)
자곡동 (0),내곡동 (0),상가동 (0),충정로1가 (0),모진동 (0),회현동3가 (0),궁정동 (0),동소문동3가 (1),용산동1가 (1),가동 (1),용산동1가 (1),수하동 (0)
동작동 (0),천왕동 (0),안암동3가 (0),의주로1가 (0),의주로2가 (0),남대문로1가 (0),남학동 (0),권농동 (1),상가동동 (1),저동1가 (1),주자동 (1),소공동 (0)
팔판동 (0),안암동3가 (0),안암동4가 (0),만리동1가 (0),용산동4가 (0),봉원동 (0),송현동 (0),공평동 (1),사간동 (1),용산동4가 (0),오쇠동 (1),충무로1가 (0)
하중동 (0),용산동3가 (0),구수동 (0),양평동6가 (0),주자동 (0),보문동3가 (0),상가동 (0),궁정동 (1),용산동3가 (1),봉원동 (0),삼각동 (1),을지로6가 (0)
합동 (0),상가동동 (0),안암동2가 (0),서빙고동 (0),청암동 (0),안암동3가 (0),가동 (0),보문동2가 (1),보문동4가 (1),삼각동 (0),예지동 (1),을지로5가 (0)
사간동 (0),신교동 (0),남학동 (0),동소문동3가 (0),방산동 (0),청암동 (0),상가동동 (0),예관동 (1),행촌동 (1),남학동 (0),방산동 (1),충무로5가 (0)
이화동 (0),가동 (0),충정로1가 (0),도원동 (0),오쇠동 (0),산천동 (0),남대문로1가 (0),방산동 (0),항동 (0),주자동 (0),토정동 (0),신당동 (0)
사직동 (0),상가동 (0),봉원동 (0),봉원동 (0),개화동 (0),신교동 (0),홍파동 (0),오쇠동 (0),보문동3가 (0),모진동 (0),보문동3가 (0),남산동1가 (0)
충신동 (0),궁정동 (0),의주로1가 (0),옥천동 (0),자곡동 (0),궁정동 (0),교북동 (0),보문동3가 (0),삼선동3가 (0),의주로2가 (0),봉원동 (0),을지로2가 (0)
염곡동 (0),양평동 (0),묵정동 (0),권농동 (0),양평동 (0),양평동6가 (0),만리동2가 (0),봉원동 (0),장사동 (0),안암동3가 (0),송현동 (0),남현동 (0)
내자동 (0),율현동 (0),성북동1가 (0),염곡동 (0),상가동 (0),예지동 (0),보문동3가 (0),양평동 (0),염곡동 (0),오쇠동 (0),궁정동 (0),신림동 (0)
누상동 (0),행촌동 (0),남산동3가 (0),당인동 (0),가동 (0),삼선동3가 (0),오쇠동 (0),모진동 (0),홍파동 (0),과해동 (0),하중동 (0),번동 (0)
토정동 (0),외발산동 (0),양평동 (0),현석동 (0),상가동동 (0),양평동 (0),안암동4가 (0),하중동 (0),송현동 (0),홍파동 (0),양평동 (0),강일동 (0)
상가동 (0),개화동 (0),양평동6가 (0),누상동 (0),양화동 (0),상가동동 (0),항동 (0),토정동 (0),양평동 (0),양평동 (0),과해동 (0),암사동 (0)
예지동 (0),용산동1가 (0),양화동 (0),상가동동 (0),행촌동 (0),가동 (0),양평동 (0),의주로2가 (0),가동 (0),원지동 (0),상가동동 (0),고덕동 (0)
신교동 (0),오쇠동 (0),의주로2가 (0),가동 (0),예지동 (0),상가동 (0),자곡동 (0),송현동 (0),과해동 (0),청암동 (0),가동 (0),천호동 (0)
효자동 (0),원서동 (0),궁정동 (0),동작동 (0),하중동 (0),개화동 (0),봉원동 (0),교북동 (0),오쇠동 (0),사간동 (0),상가동 (0),길동 (0)
송현동 (0),사간동 (0),송현동 (0),중학동 (0),누상동 (0),오쇠동 (0),모진동 (0),상가동동 (0),용산동6가 (0),궁정동 (0),청암동 (0),둔촌동 (0)
을지로7가 (0),산천동 (0),예관동 (0),홍파동 (0),운니동 (0),장사동 (0),주자동 (0),가동 (0),용산동4가 (0),행촌동 (0),서빙고동 (0),성내동 (0)
궁정동 (0),안암동4가 (0),청운동 (0),송현동 (0),염곡동 (0),홍파동 (0),방산동 (0),상가동 (0),만리동2가 (0),송현동 (0),용산동4가 (0),상일동 (0)
상가동동 (0),도원동 (0),삼각동 (0),궁정동 (0),내곡동 (0),주자동 (0),개화동 (0),홍파동 (0),모진동 (0),상가동 (0),의주로2가 (0),명일동 (0)
가동 (0),용산동6가 (0),당인동 (0),청암동 (0),장사동 (0),안암동2가 (0),의주로2가 (0),청암동 (0),의주로1가 (0),하중동 (0),모진동 (0),우이동 (0)
송월동 (0),을지로7가 (0),천연동 (0),송월동 (0),송월동 (0),송월동 (0),송월동 (0),송월동 (0),송월동 (0),송월동 (0),송월동 (0),송월동 (0)
