,2007,2008,2009,2010,2011,2012,2013,2014,2015,2016,2017,2018
0,신림동 (1669),신림동 (1828),신림동 (2176),신림동 (2454),신림동 (2387),신림동 (2412),역삼동 (2437),역삼동 (2756),역삼동 (2958),역삼동 (3243),역삼동 (3526),서초동 (3841)
1,구로동 (1317),봉천동 (1396),봉천동 (1624),봉천동 (1808),역삼동 (2011),역삼동 (2211),신림동 (2186),신림동 (2410),신림동 (2554),서초동 (2854),서초동 (3278),역삼동 (3526)
2,서초동 (1237),구로동 (1386),역삼동 (1514),역삼동 (1763),봉천동 (1697),신사동 (1857),서초동 (2033),서초동 (2297),서초동 (2528),신림동 (2628),신림동 (2771),구로동 (3232)
3,봉천동 (1235),역삼동 (1298),구로동 (1448),화곡동 (1543),신사동 (1689),서초동 (1819),신사동 (1918),신사동 (2094),신사동 (2197),구로동 (2354),구로동 (2768),서교동 (3000)
4,화곡동 (1192),서초동 (1272),화곡동 (1419),신사동 (1484),서초동 (1619),봉천동 (1770),봉천동 (1673),봉천동 (1866),구로동 (2063),신사동 (2252),서교동 (2467),신림동 (2771)
5,역삼동 (982),화곡동 (1267),서초동 (1351),서초동 (1477),화곡동 (1592),화곡동 (1622),화곡동 (1654),구로동 (1797),봉천동 (2010),봉천동 (2089),신사동 (2367),여의도동 (2579)
6,상계동 (923),신사동 (987),신사동 (1264),구로동 (1327),구로동 (1442),구로동 (1530),구로동 (1588),논현동 (1734),화곡동 (1930),서교동 (2086),화곡동 (2276),상계동 (2560)
7,독산동 (885),상계동 (969),상계동 (1049),논현동 (1190),논현동 (1276),논현동 (1411),논현동 (1556),화곡동 (1700),논현동 (1921),화곡동 (2067),봉천동 (2236),신사동 (2367)
8,목동 (815),독산동 (923),논현동 (1025),상계동 (1118),상계동 (1226),대치동 (1322),대치동 (1385),상계동 (1563),서교동 (1758),논현동 (2029),여의도동 (2233),화곡동 (2276)
9,방배동 (812),목동 (852),독산동 (972),대치동 (1030),대치동 (1154),상계동 (1312),상계동 (1384),대치동 (1525),상계동 (1736),상계동 (1938),상계동 (2203),봉천동 (2236)
10,시흥동 (806),여의도동 (829),목동 (907),독산동 (1022),미아동 (1134),미아동 (1256),미아동 (1293),서교동 (1468),대치동 (1631),여의도동 (1844),논현동 (2164),논현동 (2164)
11,여의도동 (777),시흥동 (825),미아동 (904),목동 (979),삼성동 (1102),삼성동 (1106),여의도동 (1188),미아동 (1405),미아동 (1530),대치동 (1659),방배동 (1754),목동 (2020)
12,미아동 (759),방배동 (803),대치동 (883),미아동 (975),독산동 (1047),독산동 (1083),서교동 (1154),여의도동 (1348),여의도동 (1499),방배동 (1564),미아동 (1720),방배동 (1997)
13,성내동 (757),미아동 (794),여의도동 (827),삼성동 (928),목동 (1037),여의도동 (1066),삼성동 (1150),삼성동 (1275),방배동 (1405),미아동 (1563),목동 (1719),잠실동 (1886)
14,신정동 (752),논현동 (790),시흥동 (815),천호동 (924),천호동 (1017),서교동 (1064),목동 (1147),방배동 (1268),삼성동 (1394),삼성동 (1529),대치동 (1697),미아동 (1720)
15,잠실동 (729),신정동 (771),천호동 (805),여의도동 (918),여의도동 (942),목동 (1043),방배동 (1104),목동 (1254),목동 (1367),목동 (1492),삼성동 (1639),반포동 (1699)
16,신사동 (698),잠실동 (746),신정동 (800),신정동 (863),서교동 (915),수유동 (997),수유동 (1074),수유동 (1202),수유동 (1295),수유동 (1426),잠실동 (1585),양재동 (1697)
17,천호동 (685),수유동 (713),잠실동 (788),성내동 (860),방배동 (914),방배동 (986),천호동 (1028),천호동 (1159),천호동 (1257),잠실동 (1363),수유동 (1541),대치동 (1697)
18,장안동 (665),대치동 (710),수유동 (778),시흥동 (843),성내동 (911),천호동 (970),신정동 (999),독산동 (1097),신정동 (1198),천호동 (1329),반포동 (1527),신정동 (1656)
19,신길동 (630),장안동 (683),방배동 (774),방배동 (834),수유동 (891),신정동 (936),반포동 (982),반포동 (1095),반포동 (1182),양재동 (1324),면목동 (1507),자양동 (1649)
20,수유동 (630),천호동 (666),삼성동 (769),잠실동 (828),신정동 (881),시흥동 (911),독산동 (981),신정동 (1087),양재동 (1163),반포동 (1317),양재동 (1486),삼성동 (1639)
21,반포동 (610),신길동 (661),성내동 (753),수유동 (807),시흥동 (847),반포동 (903),양재동 (945),양재동 (1050),성내동 (1163),신정동 (1298),신정동 (1411),문정동 (1619)
22,창동 (609),반포동 (657),반포동 (711),반포동 (789),반포동 (814),성내동 (884),잠실동 (932),성내동 (1042),잠실동 (1151),면목동 (1251),자양동 (1354),독산동 (1553)
23,가락동 (607),가락동 (647),가락동 (707),서교동 (788),잠실동 (792),양재동 (846),성내동 (921),잠실동 (995),독산동 (1107),성내동 (1212),독산동 (1303),가산동 (1551)
24,양재동 (607),삼성동 (640),서교동 (691),가락동 (744),양재동 (777),잠실동 (820),청담동 (811),면목동 (922),면목동 (1082),자양동 (1211),문정동 (1298),수유동 (1541)
25,신월동 (604),성내동 (636),장안동 (638),양재동 (706),신월동 (714),자양동 (763),시흥동 (800),자양동 (894),자양동 (1056),독산동 (1165),가산동 (1285),면목동 (1507)
26,사당동 (578),서교동 (626),신길동 (626),신길동 (686),청담동 (709),신길동 (753),장안동 (794),장안동 (888),창천동 (961),창천동 (1101),창천동 (1256),사당동 (1479)
27,대치동 (571),신월동 (625),양재동 (623),자양동 (656),신길동 (709),장안동 (748),자양동 (793),청담동 (870),신월동 (957),사당동 (1060),사당동 (1249),창천동 (1454)
28,논현동 (564),양재동 (620),신월동 (623),신월동 (654),가락동 (703),청담동 (745),신길동 (791),신월동 (868),장안동 (944),신월동 (1049),천호동 (1234),신월동 (1371)
29,자양동 (551),창동 (592),창동 (608),창동 (650),장안동 (697),신월동 (736),신월동 (785),창천동 (867),신길동 (941),장안동 (1046),이태원동 (1192),장안동 (1361)
30,대림동 (545),대림동 (579),사당동 (601),장안동 (646),자양동 (691),방화동 (695),면목동 (779),신길동 (858),사당동 (925),가산동 (1043),장안동 (1183),방이동 (1337)
31,서교동 (533),사당동 (576),자양동 (594),청담동 (631),방화동 (661),면목동 (692),창천동 (752),시흥동 (858),시흥동 (914),신길동 (1019),신월동 (1167),구의동 (1328)
32,남가좌동 (499),자양동 (552),방학동 (546),방이동 (598),창천동 (640),창천동 (681),가산동 (718),가산동 (848),가산동 (880),가락동 (974),성내동 (1159),대림동 (1297)
33,방학동 (490),방화동 (519),방화동 (541),방화동 (584),창동 (617),가락동 (672),사당동 (707),사당동 (807),가락동 (872),구의동 (974),신길동 (1140),시흥동 (1292)
34,삼성동 (488),방학동 (505),대림동 (535),창천동 (577),구의동 (612),구의동 (659),가락동 (701),가락동 (778),구의동 (872),시흥동 (972),구의동 (1135),신길동 (1260)
35,방이동 (482),방이동 (494),방이동 (523),등촌동 (572),면목동 (596),가산동 (654),구의동 (695),구의동 (771),청담동 (863),청담동 (952),대림동 (1123),화양동 (1255)
36,상도동 (472),등촌동 (475),청담동 (522),사당동 (568),방이동 (592),창동 (615),방화동 (669),방화동 (736),방이동 (812),대림동 (939),시흥동 (1102),가락동 (1249)
37,구의동 (468),상도동 (473),등촌동 (521),구의동 (555),가산동 (559),중곡동 (590),창동 (657),중곡동 (707),대림동 (797),방이동 (928),방이동 (1085),중곡동 (1243)
38,방화동 (449),창천동 (470),창천동 (517),방학동 (550),중곡동 (549),사당동 (583),중곡동 (636),대림동 (703),창동 (770),이태원동 (926),화양동 (1059),천호동 (1234)
39,중곡동 (424),개봉동 (466),구의동 (510),대림동 (542),사당동 (547),방이동 (558),방이동 (620),방이동 (701),중곡동 (765),화양동 (901),가락동 (1059),이태원동 (1192)
40,창천동 (422),구의동 (465),개봉동 (485),면목동 (518),대림동 (540),대림동 (553),대림동 (616),창동 (677),방화동 (759),중곡동 (900),청담동 (1033),창동 (1168)
41,길동 (422),남가좌동 (440),상도동 (481),길동 (507),등촌동 (540),등촌동 (540),등촌동 (581),등촌동 (657),화양동 (754),창동 (895),중곡동 (1031),성내동 (1159)
42,중계동 (416),중계동 (433),중곡동 (451),중계동 (496),중계동 (519),방학동 (539),중계동 (573),화양동 (655),공릉동 (721),문정동 (855),창동 (1005),성수동2가 (1131)
43,장위동 (408),중곡동 (421),중계동 (440),가산동 (495),방학동 (507),중계동 (517),방학동 (560),공릉동 (634),이태원동 (706),공릉동 (831),신당동 (987),공릉동 (1123)
44,개봉동 (408),청담동 (415),길동 (433),중곡동 (487),길동 (473),상도동 (502),공릉동 (554),중계동 (628),신당동 (696),신당동 (818),공릉동 (940),상암동 (1096)
45,등촌동 (403),전농동 (399),가산동 (430),상도동 (471),남가좌동 (466),공릉동 (493),화양동 (532),신당동 (625),등촌동 (686),방화동 (799),성수동2가 (934),청담동 (1033)
46,전농동 (389),길동 (381),남가좌동 (422),암사동 (442),공릉동 (466),길동 (490),길동 (531),길동 (611),중계동 (670),성수동2가 (777),등촌동 (903),행당동 (1012)
47,도봉동 (383),답십리동 (379),면목동 (412),개봉동 (431),상도동 (460),성수동2가 (471),상도동 (530),상도동 (593),성수동2가 (661),상도동 (761),상도동 (881),상도동 (1002)
48,답십리동 (360),도봉동 (375),암사동 (410),남가좌동 (428),암사동 (452),도곡동 (465),성수동2가 (526),성수동2가 (579),길동 (654),등촌동 (754),상암동 (848),신당동 (987)
49,제기동 (357),석촌동 (369),전농동 (404),명일동 (416),개봉동 (445),남가좌동 (465),도곡동 (526),방학동 (577),방학동 (652),행당동 (748),행당동 (848),중계동 (979)
50,용두동 (356),제기동 (367),공릉동 (384),공릉동 (414),문정동 (429),개봉동 (464),신당동 (520),도곡동 (570),상도동 (650),중계동 (743),중계동 (843),방학동 (977)
51,석촌동 (354),공릉동 (365),장위동 (381),석촌동 (412),잠원동 (428),신당동 (463),잠원동 (502),잠원동 (566),문정동 (631),방학동 (740),방학동 (831),등촌동 (903)
52,성수동2가 (353),잠원동 (365),잠원동 (379),문정동 (411),장위동 (428),화양동 (454),남가좌동 (489),행당동 (561),응암동 (621),응암동 (724),방화동 (828),망원동 (888)
53,공릉동 (345),용두동 (361),용두동 (375),잠원동 (410),명일동 (428),잠원동 (452),문정동 (485),응암동 (559),잠원동 (618),상암동 (693),갈현동 (799),연남동 (887)
54,쌍문동 (345),가산동 (357),석촌동 (375),전농동 (387),성수동2가 (427),장위동 (442),응암동 (477),문정동 (557),행당동 (616),갈현동 (692),응암동 (791),잠원동 (885)
55,명일동 (338),장위동 (356),고척동 (374),장위동 (384),행당동 (415),문정동 (440),전농동 (475),이태원동 (545),도곡동 (590),잠원동 (665),노량진동 (779),노량진동 (879)
56,잠원동 (335),성수동2가 (342),명일동 (369),성수동2가 (382),전농동 (414),전농동 (434),장위동 (474),개봉동 (514),개봉동 (582),길동 (652),잠원동 (768),동교동 (877)
57,가산동 (327),고척동 (342),도봉동 (369),도봉동 (374),화양동 (407),명일동 (429),개봉동 (473),명일동 (513),갈현동 (573),개봉동 (648),마곡동 (762),방화동 (828)
58,암사동 (326),송파동 (340),답십리동 (360),송파동 (372),도곡동 (402),홍제동 (421),명일동 (465),전농동 (508),명일동 (556),노량진동 (638),한남동 (741),개봉동 (804)
59,노량진동 (325),쌍문동 (329),송파동 (358),화양동 (369),홍제동 (400),암사동 (421),행당동 (457),남가좌동 (507),남가좌동 (530),도곡동 (598),망원동 (727),갈현동 (799)
60,청담동 (323),암사동 (327),성수동2가 (349),홍제동 (366),정릉동 (390),개포동 (419),개포동 (450),갈현동 (497),상암동 (529),정릉동 (586),동교동 (712),응암동 (791)
61,고척동 (323),화양동 (325),쌍문동 (343),정릉동 (364),신당동 (374),응암동 (419),정릉동 (442),장위동 (490),정릉동 (529),동교동 (583),개봉동 (701),고척동 (769)
62,정릉동 (321),노량진동 (320),홍제동 (342),개포동 (363),응암동 (374),정릉동 (415),홍제동 (442),홍제동 (487),전농동 (529),홍제동 (581),연남동 (675),마곡동 (762)
63,송파동 (321),문정동 (312),문정동 (339),도곡동 (358),석촌동 (366),번동 (385),노량진동 (414),정릉동 (485),노량진동 (524),망원동 (576),정릉동 (653),정릉동 (745)
64,문정동 (300),면목동 (311),개포동 (334),행당동 (358),고척동 (366),도봉동 (382),갈현동 (412),암사동 (483),암사동 (519),남가좌동 (575),상봉동 (650),한남동 (741)
65,홍제동 (299),마천동 (310),화양동 (333),쌍문동 (350),노량진동 (356),용두동 (381),이문동 (409),이문동 (479),월계동 (508),한남동 (567),고척동 (640),신천동 (729)
66,공덕동 (289),홍제동 (308),행당동 (329),고척동 (343),도봉동 (355),고척동 (377),월계동 (407),개포동 (477),홍제동 (507),이문동 (565),전농동 (625),합정동 (724)
67,신대방동 (288),명일동 (305),정릉동 (323),용두동 (341),용두동 (354),이문동 (376),암사동 (407),월계동 (475),이문동 (500),고척동 (563),남가좌동 (625),전농동 (722)
68,화양동 (284),신대방동 (299),노량진동 (323),월계동 (333),개포동 (350),행당동 (374),석촌동 (398),상암동 (462),한남동 (474),전농동 (560),월계동 (619),송파동 (719)
69,마천동 (284),공덕동 (295),도곡동 (320),노량진동 (331),월계동 (348),석촌동 (373),번동 (395),노량진동 (459),동교동 (472),명일동 (551),길동 (616),성수동1가 (707)
70,이문동 (279),정릉동 (288),마천동 (314),답십리동 (316),답십리동 (340),노량진동 (373),도봉동 (394),제기동 (433),개포동 (468),월계동 (546),도곡동 (611),월계동 (704)
71,행당동 (271),도화동 (287),공덕동 (311),신대방동 (315),번동 (338),답십리동 (369),이태원동 (386),석촌동 (429),장위동 (463),상봉동 (537),도봉동 (610),석촌동 (704)
72,하월곡동 (269),행당동 (287),월계동 (305),이문동 (313),이문동 (338),월계동 (365),용두동 (380),용두동 (417),석촌동 (459),도봉동 (532),홍제동 (609),도화동 (696)
73,도화동 (264),이문동 (285),도화동 (305),홍은동 (312),송파동 (334),망원동 (354),답십리동 (378),번동 (414),도봉동 (457),암사동 (530),신천동 (604),도봉동 (693)
74,월계동 (260),도곡동 (280),이문동 (302),마천동 (310),망원동 (332),갈현동 (350),상암동 (377),하월곡동 (412),망원동 (457),석촌동 (521),합정동 (602),쌍문동 (690)
75,오금동 (254),개포동 (279),신대방동 (299),신당동 (310),제기동 (322),홍은동 (345),대현동 (369),답십리동 (412),하월곡동 (457),송파동 (509),이문동 (601),홍제동 (686)
76,번동 (252),월계동 (279),제기동 (297),도화동 (306),홍은동 (321),상암동 (339),하월곡동 (357),도봉동 (408),상봉동 (454),하월곡동 (507),쌍문동 (586),남가좌동 (684)
77,삼전동 (251),대현동 (272),번동 (291),공덕동 (306),대현동 (316),제기동 (338),제기동 (356),대현동 (406),제기동 (454),쌍문동 (504),석촌동 (579),이문동 (680)
78,망원동 (250),번동 (270),홍은동 (288),제기동 (306),하월곡동 (315),도화동 (338),홍은동 (354),동교동 (402),고척동 (448),신천동 (502),도화동 (576),성산동 (650)
79,거여동 (245),홍은동 (268),망원동 (284),대현동 (303),쌍문동 (315),대현동 (337),고척동 (345),송파동 (402),신천동 (447),개포동 (501),송파동 (575),상봉동 (650)
80,오류동 (242),망원동 (266),대현동 (284),삼전동 (298),마천동 (313),하월곡동 (334),쌍문동 (339),고척동 (399),송파동 (445),장위동 (485),성수동1가 (568),길동 (616)
81,대현동 (238),오금동 (261),내발산동 (275),응암동 (297),도화동 (312),마천동 (333),내발산동 (336),신천동 (397),번동 (432),제기동 (481),성산동 (545),도곡동 (611)
82,개포동 (238),삼전동 (259),삼전동 (271),망원동 (297),공덕동 (305),쌍문동 (324),동교동 (332),한남동 (396),쌍문동 (426),망우동 (472),망우동 (539),하월곡동 (602)
83,홍은동 (236),오류동 (250),오금동 (266),오금동 (290),동교동 (295),동교동 (319),송파동 (331),상봉동 (384),답십리동 (413),도화동 (472),하월곡동 (535),연희동 (593)
84,도곡동 (229),거여동 (249),하월곡동 (264),번동 (290),갈현동 (290),공덕동 (313),망원동 (328),홍은동 (381),용두동 (410),연남동 (470),불광동 (533),회기동 (582)
85,석관동 (223),하월곡동 (232),오류동 (262),하월곡동 (287),내발산동 (288),송파동 (307),마천동 (324),망원동 (380),도화동 (409),불광동 (466),대조동 (525),신대방동 (580)
86,길음동 (222),풍납동 (229),거여동 (246),내발산동 (284),상암동 (287),내발산동 (302),한남동 (324),쌍문동 (373),홍은동 (401),대조동 (462),제기동 (515),장위동 (579)
87,풍납동 (220),성산동 (227),공항동 (243),거여동 (268),오금동 (286),성산동 (302),상봉동 (320),대조동 (368),망우동 (400),합정동 (456),연희동 (507),제기동 (576)
88,청량리동 (212),내발산동 (227),북아현동 (239),갈현동 (256),신대방동 (285),이태원동 (299),오금동 (316),신대방동 (350),대현동 (399),번동 (455),장위동 (506),공덕동 (574)
89,북가좌동 (211),북아현동 (226),신당동 (239),성산동 (254),길음동 (274),신대방동 (297),신대방동 (311),불광동 (347),연희동 (396),대현동 (450),개포동 (504),안암동5가 (571)
90,성산동 (211),청량리동 (226),풍납동 (236),길음동 (253),삼전동 (274),오금동 (295),공덕동 (308),연희동 (342),대조동 (396),용두동 (445),번동 (503),상수동 (555)
91,북아현동 (210),회기동 (216),청량리동 (234),공항동 (252),거여동 (274),길음동 (290),불광동 (308),내발산동 (341),불광동 (390),홍은동 (443),중화동 (493),용두동 (547)
92,회기동 (204),공항동 (214),석관동 (232),신천동 (248),성산동 (271),거여동 (283),거여동 (307),망우동 (337),신대방동 (384),연희동 (438),공덕동 (491),망우동 (539)
93,합정동 (200),동교동 (209),신천동 (231),동교동 (246),공항동 (265),연희동 (271),대조동 (306),도화동 (333),성산동 (383),성산동 (438),신대방동 (489),불광동 (533)
94,공항동 (197),석관동 (202),성산동 (228),풍납동 (243),연희동 (262),불광동 (269),연희동 (305),성산동 (332),공덕동 (373),신대방동 (434),암사동 (487),홍은동 (533)
95,면목동 (197),성수동1가 (198),동교동 (225),석관동 (242),신천동 (255),대조동 (269),길음동 (298),성수동1가 (330),합정동 (365),답십리동 (428),용두동 (482),흑석동 (526)
96,흑석동 (197),흑석동 (198),회기동 (221),합정동 (232),석관동 (248),합정동 (265),도화동 (297),오금동 (328),안암동5가 (363),성수동1가 (426),안암동5가 (474),대조동 (525)
97,성수동1가 (194),북가좌동 (196),길음동 (217),오류동 (231),풍납동 (244),상봉동 (265),삼전동 (293),흑석동 (328),성수동1가 (363),안암동5가 (425),홍은동 (473),대현동 (524)
98,아현동 (191),합정동 (194),합정동 (216),상암동 (231),대조동 (242),삼전동 (263),성산동 (284),회기동 (324),회기동 (361),회기동 (416),묵동 (469),답십리동 (519)
99,내발산동 (190),신천동 (192),응암동 (210),청량리동 (227),합정동 (239),오류동 (262),성수동1가 (279),공덕동 (319),마천동 (360),공덕동 (415),회기동 (465),개포동 (504)
100,휘경동 (190),휘경동 (187),흑석동 (207),연희동 (220),오류동 (237),석관동 (257),흑석동 (278),오류동 (312),오금동 (358),중화동 (403),상수동 (465),번동 (503)
101,종암동 (183),길음동 (187),연희동 (203),흑석동 (212),상봉동 (235),망우동 (253),망우동 (272),마천동 (310),오류동 (356),묵동 (402),대현동 (463),중화동 (493)
102,신천동 (182),연희동 (186),노고산동 (196),종암동 (210),이태원동 (234),한남동 (252),회기동 (268),합정동 (309),흑석동 (356),오류동 (392),답십리동 (450),신도림동 (493)
103,동교동 (180),아현동 (181),북가좌동 (192),회기동 (204),신도림동 (228),흑석동 (252),석관동 (266),석관동 (309),내발산동 (343),마천동 (385),명일동 (448),암사동 (487)
104,가리봉동 (175),노고산동 (178),갈현동 (190),대조동 (202),망우동 (227),청량리동 (246),신천동 (266),안암동5가 (299),묵동 (327),오금동 (382),흑석동 (442),삼전동 (480)
105,연희동 (174),신도림동 (177),신도림동 (187),노고산동 (199),종암동 (226),공항동 (244),오류동 (262),삼전동 (292),삼전동 (325),흑석동 (382),역촌동 (436),묵동 (469)
106,노고산동 (170),가리봉동 (176),상암동 (184),가양동 (198),흑석동 (225),성수동1가 (242),공항동 (258),길음동 (291),석관동 (323),역촌동 (381),관철동 (426),오류동 (465)
107,둔촌동 (165),영등포동3가 (173),아현동 (183),북가좌동 (196),청량리동 (222),종암동 (240),풍납동 (251),신도림동 (280),중화동 (322),상수동 (374),신도림동 (420),문래동3가 (460)
108,영등포동3가 (163),종암동 (170),가양동 (183),성수동1가 (194),염창동 (222),풍납동 (237),청량리동 (249),묵동 (280),신도림동 (321),내발산동 (373),오류동 (407),북가좌동 (455)
109,대방동 (156),신당동 (169),가리봉동 (181),북아현동 (194),성수동1가 (215),신도림동 (236),안암동5가 (249),영등포동3가 (279),연남동 (320),삼전동 (366),내발산동 (401),석관동 (454)
110,대흥동 (155),응암동 (162),종암동 (180),망우동 (189),불광동 (213),신천동 (235),영등포동3가 (239),휘경동 (276),휘경동 (310),신도림동 (366),삼전동 (399),명일동 (448)
111,도림동 (151),대흥동 (158),성수동1가 (178),염창동 (187),둔촌동 (213),안암동5가 (230),묵동 (238),거여동 (276),영등포동3가 (306),휘경동 (352),신내동 (398),역촌동 (436)
112,신도림동 (150),대방동 (153),휘경동 (178),대흥동 (186),한남동 (208),회기동 (230),휘경동 (237),중화동 (276),역촌동 (306),석관동 (344),석관동 (397),휘경동 (433)
113,용답동 (149),도림동 (152),대흥동 (177),영등포동3가 (186),회기동 (208),묵동 (230),신도림동 (237),공항동 (273),길음동 (303),영등포동3가 (339),진관동 (395),군자동 (429)
114,군자동 (146),군자동 (149),신설동 (170),상봉동 (183),영등포동3가 (204),영등포동3가 (228),종암동 (236),청량리동 (268),북가좌동 (301),관철동 (338),문래동3가 (385),당산동3가 (427)
115,안암동5가 (134),용답동 (149),염창동 (166),휘경동 (179),중화동 (195),염창동 (226),합정동 (234),풍납동 (262),상수동 (298),북가좌동 (330),창신동 (382),관철동 (426)
116,영등포동 (134),가양동 (147),둔촌동 (165),군자동 (176),안암동5가 (195),중화동 (218),북가좌동 (232),역촌동 (259),청량리동 (294),길음동 (329),휘경동 (381),종암동 (424)
117,염리동 (132),상암동 (146),영등포동3가 (163),둔촌동 (176),군자동 (194),휘경동 (215),염창동 (230),북가좌동 (254),거여동 (293),신내동 (327),북가좌동 (381),길음동 (419)
118,가양동 (130),신설동 (142),대조동 (161),안암동5가 (172),북가좌동 (193),가양동 (207),중화동 (226),둔촌동 (253),풍납동 (290),문래동3가 (326),길음동 (376),영등포동3가 (418)
119,고덕동 (122),압구정동 (139),대방동 (158),신도림동 (170),가양동 (188),군자동 (205),가양동 (221),종암동 (251),공항동 (289),풍납동 (324),영등포동3가 (375),동선동1가 (415)
120,압구정동 (120),영등포동 (139),상봉동 (154),이태원동 (170),휘경동 (183),북가좌동 (201),둔촌동 (217),문래동3가 (246),문래동3가 (286),창신동 (323),마천동 (374),마천동 (410)
121,영등포동2가 (119),염리동 (137),군자동 (153),대방동 (166),노고산동 (178),문래동3가 (192),문래동3가 (217),염창동 (242),둔촌동 (285),종암동 (321),군자동 (368),오금동 (409)
122,하계동 (117),안암동5가 (136),용답동 (150),불광동 (163),압구정동 (177),역촌동 (191),역촌동 (210),창신동 (239),종암동 (284),당산동3가 (318),당산동3가 (362),내발산동 (401)
123,하왕십리동 (116),당산동3가 (130),염리동 (145),문래동3가 (162),묵동 (172),둔촌동 (190),군자동 (210),연남동 (236),창신동 (278),군자동 (313),공항동 (357),신내동 (398)
124,신수동 (115),문래동3가 (130),안암동5가 (144),용답동 (161),북아현동 (172),당산동3가 (184),창신동 (201),당산동3가 (235),군자동 (276),공항동 (313),종암동 (356),진관동 (395)
125,영등포동4가 (115),둔촌동 (124),망우동 (143),신설동 (160),문래동3가 (172),압구정동 (182),일원동 (200),일원동 (233),신내동 (268),진관동 (312),오금동 (345),창신동 (382)
126,신설동 (115),하계동 (122),압구정동 (139),한남동 (158),대방동 (167),대방동 (180),당산동3가 (198),군자동 (232),관철동 (263),청량리동 (309),동선동1가 (343),청량리동 (368)
127,상일동 (114),염창동 (121),상일동 (138),하계동 (156),용답동 (167),상수동 (180),압구정동 (196),가양동 (231),당산동3가 (261),거여동 (305),청량리동 (325),공항동 (357)
128,남현동 (114),갈현동 (120),하계동 (135),중화동 (156),하계동 (161),용답동 (174),을지로6가 (195),상수동 (228),압구정동 (258),둔촌동 (291),동숭동 (319),풍납동 (351)
129,당산동3가 (113),일원동 (119),도림동 (135),압구정동 (153),남현동 (160),대흥동 (173),용답동 (193),대방동 (228),상일동 (247),동선동1가 (287),을지로6가 (316),가리봉동 (345)
130,마장동 (110),영등포동2가 (114),영등포동 (133),염리동 (150),신설동 (160),창신동 (172),대방동 (191),상일동 (227),동선동1가 (246),대방동 (272),풍납동 (314),대방동 (343)
131,영등포동7가 (107),상봉동 (114),중화동 (133),남현동 (149),역촌동 (160),광장동 (169),광장동 (189),용답동 (224),가양동 (243),을지로6가 (269),한강로3가 (311),영등포동4가 (342)
132,용강동 (106),상일동 (110),남현동 (132),상일동 (148),일원동 (160),영등포동4가 (168),동선동1가 (189),동선동1가 (221),염창동 (239),동숭동 (261),거여동 (305),거여동 (341)
133,동선동1가 (106),마장동 (109),일원동 (131),영등포동 (146),동선동1가 (158),노고산동 (167),영등포동4가 (189),압구정동 (219),대방동 (239),가리봉동 (260),대방동 (302),용답동 (331)
134,염창동 (101),고덕동 (109),문래동3가 (129),가리봉동 (145),가리봉동 (157),하계동 (167),상일동 (187),신내동 (217),동숭동 (228),염창동 (260),녹번동 (295),광장동 (325)
135,상암동 (100),신수동 (108),당산동3가 (128),영등포동4가 (144),당산동3가 (156),일원동 (167),상수동 (179),영등포동4가 (212),일원동 (227),마곡동 (259),가리봉동 (295),동숭동 (319)
136,광장동 (99),영등포동7가 (108),이태원동 (126),아현동 (139),대흥동 (155),가리봉동 (165),대흥동 (175),관철동 (208),영등포동4가 (225),압구정동 (258),염창동 (289),하계동 (317)
137,당산동1가 (98),남현동 (107),마장동 (123),고덕동 (138),염리동 (154),남현동 (164),신설동 (175),광장동 (208),용답동 (222),한강로3가 (257),영등포동4가 (288),을지로6가 (316)
138,문래동3가 (97),용강동 (107),영등포동4가 (121),동선동1가 (137),상일동 (153),신설동 (163),하계동 (175),을지로6가 (203),신설동 (219),영등포동4가 (256),광장동 (287),양평동4가 (313)
139,영등포동5가 (95),양평동1가 (107),신수동 (121),창신동 (135),창신동 (152),동선동1가 (162),숭인동 (169),대흥동 (198),을지로6가 (213),가양동 (247),숭인동 (280),신설동 (311)
140,신당동 (94),당산동1가 (106),고덕동 (120),도림동 (134),영등포동4가 (150),상일동 (162),북아현동 (168),신설동 (197),광장동 (212),용답동 (242),가양동 (277),한강로3가 (311)
141,양평동1가 (92),대조동 (105),동선동1가 (120),당산동3가 (132),상수동 (149),북아현동 (160),신내동 (168),숭인동 (195),진관동 (211),숭인동 (242),양평동4가 (277),영등포동 (302)
142,옥수동 (90),동선동1가 (103),을지로6가 (117),일원동 (132),영등포동 (149),영등포동 (156),남현동 (167),남현동 (189),가리봉동 (210),영등포동 (240),신설동 (272),녹번동 (295)
143,일원동 (87),광장동 (100),용강동 (116),상수동 (131),고덕동 (148),숭인동 (155),연남동 (165),이촌동 (187),숭인동 (209),녹번동 (239),하계동 (271),염창동 (289)
144,상수동 (84),망우동 (98),불광동 (111),신수동 (129),신내동 (144),을지로6가 (151),영등포동 (165),수서동 (187),하계동 (206),신설동 (236),용답동 (271),신수동 (282)
145,양평동4가 (82),상수동 (97),광장동 (110),묵동 (126),광장동 (139),신내동 (149),관철동 (164),영등포동 (184),한강로3가 (206),일원동 (234),영등포동 (270),노고산동 (280)
146,응암동 (82),영등포동4가 (94),상수동 (109),광장동 (122),신수동 (134),신수동 (148),노고산동 (158),진관동 (182),대흥동 (204),광장동 (232),한강로2가 (266),숭인동 (280)
147,연남동 (81),영등포동5가 (90),창신동 (109),용강동 (121),마장동 (133),연남동 (147),가리봉동 (158),가리봉동 (182),이촌동 (198),상일동 (230),수서동 (249),가양동 (277)
148,금호동2가 (78),중화동 (89),한남동 (106),마장동 (120),을지로6가 (133),염리동 (147),고덕동 (157),하계동 (181),영등포동 (194),양평동4가 (229),노고산동 (247),대흥동 (268)
149,도선동 (78),이태원동 (87),양평동1가 (106),신내동 (117),도림동 (129),고덕동 (147),마장동 (156),북아현동 (179),녹번동 (194),수서동 (227),남대문로5가 (246),한강로2가 (266)
150,갈현동 (75),양평동4가 (87),신내동 (101),역촌동 (117),아현동 (127),수서동 (145),수서동 (155),양평동4가 (177),양평동4가 (194),하계동 (224),명륜4가 (246),아현동 (265)
151,상봉동 (74),한남동 (86),연남동 (100),을지로6가 (115),용강동 (125),마장동 (143),진관동 (152),동숭동 (177),황학동 (193),남현동 (218),황학동 (245),장지동 (254)
152,신공덕동 (73),을지로6가 (86),역촌동 (100),양평동4가 (111),숭인동 (125),관철동 (139),녹번동 (151),고덕동 (176),남현동 (193),노고산동 (211),일원동 (244),수서동 (249)
153,충정로3가 (73),하왕십리동 (85),영등포동2가 (99),영등포동2가 (102),수서동 (121),아현동 (136),양평동4가 (150),녹번동 (173),수서동 (191),이촌동 (208),둔촌동 (244),남대문로5가 (246)
154,우이동 (71),도선동 (85),묵동 (99),수서동 (101),한강로3가 (120),양평동4가 (135),명동2가 (139),노고산동 (172),고덕동 (191),아현동 (207),신수동 (239),명륜4가 (246)
155,상왕십리동 (70),우이동 (85),당산동1가 (91),연남동 (101),연남동 (119),녹번동 (133),이촌동 (137),마장동 (171),명동2가 (189),대흥동 (204),대흥동 (238),황학동 (245)
156,대조동 (70),연남동 (83),양평동4가 (86),숭인동 (100),녹번동 (115),한강로3가 (132),신수동 (136),명동2가 (171),노고산동 (185),신수동 (203),이촌동 (234),북아현동 (245)
157,당산동6가 (70),수서동 (82),창전동 (85),양평동1가 (98),관철동 (110),이촌동 (127),동숭동 (135),아현동 (162),북아현동 (182),황학동 (202),아현동 (232),둔촌동 (244)
158,돈암동 (69),불광동 (81),도선동 (84),당산동1가 (96),양평동4가 (110),용강동 (126),한강로3가 (135),충무로1가 (160),아현동 (182),명륜4가 (200),남현동 (232),염리동 (244)
159,영등포동6가 (69),창신동 (79),수서동 (83),한강로3가 (95),도선동 (107),진관동 (125),아현동 (134),황학동 (160),충무로1가 (177),북아현동 (197),명동2가 (226),일원동 (244)
160,수서동 (68),옥수동 (77),우이동 (77),명동2가 (93),영등포동2가 (107),도림동 (121),충무로1가 (131),한강로3가 (156),신수동 (171),명동2가 (195),압구정동 (224),하왕십리동 (235)
161,금호동4가 (67),창전동 (76),숭인동 (76),창전동 (92),명동2가 (105),명동2가 (119),남대문로5가 (130),신수동 (155),남대문로5가 (169),한강로2가 (192),북아현동 (221),이촌동 (234)
162,상도1동 (66),묵동 (71),명동2가 (75),우이동 (91),이촌동 (104),영등포동2가 (114),황학동 (129),소공동 (146),마장동 (165),충무로1가 (190),장지동 (210),용강동 (232)
163,망우동 (66),충정로3가 (71),영등포동7가 (75),녹번동 (91),남대문로5가 (103),한강로2가 (114),도림동 (128),남대문로5가 (143),명륜4가 (161),용강동 (183),청진동 (208),남현동 (232)
164,창전동 (65),신공덕동 (70),녹번동 (73),도선동 (89),창전동 (101),충무로1가 (113),우이동 (122),당산동1가 (141),한강로2가 (160),명륜2가 (177),후암동 (206),성북동 (228)
165,중화동 (65),당산동6가 (68),충무로1가 (72),관철동 (85),우이동 (100),우이동 (112),한강로2가 (121),우이동 (140),소공동 (157),남대문로5가 (176),상일동 (205),능동 (227)
166,금호동1가 (61),영등포동6가 (68),관철동 (71),충무로1가 (83),진관동 (100),동숭동 (111),당산동1가 (121),도림동 (138),당산동1가 (155),마장동 (174),명륜2가 (204),명동2가 (226)
167,당산동4가 (60),신내동 (66),하왕십리동 (71),한강로2가 (83),당산동1가 (98),당산동1가 (109),소공동 (116),용강동 (133),용강동 (153),소공동 (169),용산동2가 (203),압구정동 (224)
168,금호동3가 (59),상도1동 (65),한강로3가 (70),영등포동7가 (83),충무로1가 (98),황학동 (109),도선동 (111),한강로2가 (128),증산동 (146),청진동 (166),충무로1가 (200),청진동 (208)
169,성북동 (57),역촌동 (64),신공덕동 (70),남대문로5가 (81),한강로2가 (94),남대문로5가 (108),영등포동2가 (111),도선동 (128),후암동 (145),후암동 (165),용강동 (197),우면동 (207)
170,삼선동2가 (52),금호동4가 (62),충정로3가 (67),이촌동 (77),양평동1가 (93),창전동 (106),용강동 (111),명륜4가 (124),도림동 (145),도림동 (162),소공동 (195),도림동 (207)
171,온수동 (52),온수동 (60),옥수동 (67),충정로3가 (76),동숭동 (92),도선동 (104),당산동6가 (111),충정로3가 (120),명륜2가 (142),염리동 (161),을지로2가 (195),후암동 (206)
172,궁동 (52),당산동4가 (60),금호동4가 (66),동숭동 (73),당산동6가 (91),양평동1가 (96),옥수동 (109),증산동 (120),염리동 (141),당산동1가 (161),염리동 (194),도선동 (205)
173,홍익동 (51),궁동 (59),이촌동 (65),소공동 (71),소공동 (85),당산동6가 (94),염리동 (108),명륜2가 (118),청진동 (140),증산동 (159),능동 (194),상일동 (205)
174,충정로2가 (49),금호동2가 (59),영등포동5가 (65),당산동6가 (70),황학동 (83),소공동 (93),성북동 (105),당산동6가 (117),도선동 (138),고덕동 (158),낙원동 (190),명륜2가 (204)
175,능동 (48),성북동 (58),궁동 (65),진관동 (69),충정로3가 (83),성북동 (91),충정로3가 (104),염리동 (116),성북동 (137),우면동 (157),마장동 (188),창전동 (204)
176,양평동2가 (47),금호동3가 (58),성북동 (64),하왕십리동 (69),영등포동7가 (78),충정로3가 (90),명륜4가 (104),옥수동 (115),우이동 (137),용산동2가 (156),도림동 (188),용산동2가 (203)
177,우면동 (46),숭인동 (54),한강로2가 (63),금호동4가 (69),능동 (77),능동 (88),창전동 (103),성북동 (114),우면동 (134),낙원동 (156),성북동 (187),마장동 (201)
178,문래동2가 (46),녹번동 (54),상도1동 (63),신공덕동 (68),성북동 (76),영등포동7가 (86),명륜2가 (103),영등포동2가 (112),충정로3가 (130),중림동 (155),중림동 (184),당산동6가 (200)
179,당산동2가 (46),한강로3가 (53),온수동 (62),금호동3가 (68),금호동3가 (73),명륜4가 (86),능동 (99),후암동 (110),낙원동 (128),을지로2가 (154),하왕십리동 (182),충무로1가 (200)
180,동선동2가 (46),금호동1가 (52),당산동6가 (62),옥수동 (67),하왕십리동 (71),명륜2가 (84),양평동1가 (95),낙원동 (109),창전동 (125),충정로3가 (153),도선동 (182),소공동 (195)
181,본동 (45),돈암동 (52),금호동3가 (61),능동 (67),명륜4가 (70),수색동 (84),후암동 (94),능동 (107),용산동2가 (124),성북동 (151),우면동 (181),을지로2가 (195)
182,불광동 (45),관철동 (52),충정로2가 (58),황학동 (65),수색동 (70),하왕십리동 (80),증산동 (93),창전동 (106),을지로2가 (122),당산동6가 (150),동자동 (180),충정로3가 (194)
183,역촌동 (42),우면동 (51),영등포동6가 (58),영등포동5가 (62),옥수동 (70),옥수동 (80),충정로2가 (90),우면동 (106),중림동 (121),우이동 (150),관훈동 (176),낙원동 (190)
184,한강로3가 (42),한강로2가 (50),동숭동 (57),성북동 (62),금호동4가 (69),증산동 (80),중림동 (87),상도1동 (105),관훈동 (120),능동 (150),고덕동 (175),당산동1가 (190)
185,미근동 (41),삼선동2가 (50),돈암동 (56),상도1동 (62),후암동 (69),충정로2가 (80),우면동 (86),양평동1가 (104),구산동 (119),관훈동 (149),창전동 (175),동선동2가 (184)
186,신내동 (41),충무로1가 (50),남대문로5가 (56),삼선동2가 (61),상도1동 (68),후암동 (80),금호동3가 (86),중림동 (102),양평동1가 (119),동자동 (147),다동 (172),중림동 (184)
187,당산동5가 (41),당산동2가 (49),우면동 (55),영등포동6가 (59),영등포동5가 (68),금호동4가 (78),수색동 (85),충정로2가 (101),능동 (119),도선동 (142),충정로3가 (172),동자동 (180)
188,상월곡동 (41),당산동5가 (47),당산동2가 (54),궁동 (59),미근동 (65),영등포동5가 (77),종로5가 (84),종로5가 (100),종로5가 (117),창전동 (142),당산동1가 (172),양평동1가 (179)
189,이태원동 (41),충정로2가 (47),미근동 (52),후암동 (58),충정로2가 (65),금호동3가 (75),상도1동 (83),관훈동 (100),당산동6가 (117),보광동 (139),당산동6가 (169),관훈동 (176)
190,영등포동8가 (41),명동2가 (47),삼선동2가 (50),온수동 (58),명륜2가 (62),상도1동 (74),신공덕동 (81),을지로2가 (99),옥수동 (117),구산동 (135),보광동 (165),상도1동 (176)
191,냉천동 (40),홍익동 (47),금호동2가 (48),충정로2가 (58),충무로2가 (62),중림동 (73),당산동5가 (80),용산동2가 (97),다동 (116),양평동1가 (135),인사동 (162),고덕동 (175)
192,한남동 (40),양평동2가 (46),능동 (48),수색동 (57),궁동 (62),관훈동 (69),관훈동 (79),인사동 (97),영등포동2가 (116),다동 (135),종로5가 (162),다동 (172)
193,신촌동 (39),영등포동8가 (46),소공동 (47),돈암동 (57),인사동 (62),종로5가 (68),인사동 (79),신공덕동 (97),충정로2가 (114),종로5가 (133),당주동 (162),옥수동 (172)
194,동선동4가 (38),상왕십리동 (45),황학동 (46),미근동 (57),삼선동2가 (59),을지로2가 (68),충무로2가 (78),구산동 (95),상도1동 (114),옥수동 (132),증산동 (161),보광동 (165)
195,대신동 (38),문래동2가 (44),홍익동 (45),우면동 (55),종로5가 (59),당산동5가 (68),낙원동 (77),청진동 (95),인사동 (112),청파동2가 (131),우이동 (158),인사동 (162)
196,당산동 (38),양평동3가 (44),충무로2가 (45),당산동2가 (54),우면동 (58),신공덕동 (67),영등포동7가 (77),수색동 (94),마곡동 (111),상도1동 (131),양평동1가 (157),종로5가 (162)
197,동소문동5가 (37),동숭동 (44),당산동5가 (44),종로5가 (53),관훈동 (58),다동 (66),서소문동 (77),다동 (94),서소문동 (109),충정로2가 (129),상도1동 (155),당주동 (162)
198,양평동3가 (37),당산동 (43),양평동2가 (43),명륜4가 (53),온수동 (58),미근동 (66),금호동4가 (77),충무로2가 (92),보광동 (107),서소문동 (125),옥수동 (154),증산동 (161)
199,묵동 (37),냉천동 (42),양평동3가 (43),을지로2가 (52),양평동2가 (57),인사동 (65),을지로2가 (77),당산동5가 (92),동자동 (105),인사동 (125),구산동 (153),당산동4가 (160)
200,창신동 (37),능동 (42),금호동1가 (42),당산동5가 (52),을지로2가 (57),낙원동 (65),하왕십리동 (77),서소문동 (91),청파동2가 (103),당주동 (121),동선동2가 (148),우이동 (158)
201,마포동 (35),미근동 (42),문래동2가 (42),충무로2가 (51),보광동 (57),온수동 (65),구산동 (76),금호동4가 (90),삼청동 (102),당산동4가 (119),청파동2가 (148),충정로2가 (158)
202,동소문동2가 (35),동선동2가 (41),신촌동 (42),양평동2가 (50),증산동 (55),충무로2가 (64),청파동2가 (75),하왕십리동 (90),당산동4가 (102),신공덕동 (118),서소문동 (144),구산동 (153)
203,문래동4가 (35),이촌동 (40),중림동 (42),금호동2가 (49),냉천동 (55),보광동 (64),영등포동5가 (75),장충동2가 (88),당산동5가 (100),영등포동2가 (117),장충동2가 (143),신공덕동 (152)
204,한강로2가 (34),대신동 (39),내수동 (41),중림동 (48),중림동 (54),양평동2가 (63),다동 (75),청파동2가 (87),신공덕동 (100),장충동2가 (117),충정로2가 (142),청파동2가 (148)
205,삼선동5가 (32),본동 (39),을지로2가 (41),내수동 (47),당산동2가 (54),서소문동 (62),남창동 (74),당주동 (86),남창동 (99),장지동 (116),내수동 (137),서소문동 (144)
206,녹번동 (32),신촌동 (39),당산동4가 (41),구산동 (47),돈암동 (54),냉천동 (62),용산동2가 (74),금호동3가 (85),장충동2가 (97),당산동5가 (115),신공덕동 (136),장충동2가 (143)
207,충무로1가 (31),문래동4가 (36),대신동 (41),인사동 (46),청파동2가 (54),청파동2가 (62),당주동 (72),강일동 (85),하왕십리동 (97),내수동 (115),당산동4가 (134),금호동4가 (143)
208,삼선동1가 (30),상월곡동 (35),냉천동 (41),증산동 (46),낙원동 (54),우면동 (62),당산동2가 (70),보광동 (84),당주동 (96),충무로2가 (109),원효로1가 (132),당산동5가 (143)
209,중림동 (30),마포동 (34),수색동 (40),양평동3가 (46),다동 (54),삼선동2가 (62),한강로1가 (70),삼청동 (83),충무로4가 (95),하왕십리동 (108),수송동 (128),양평동2가 (142)
210,마곡동 (29),명륜2가 (34),명륜4가 (39),대신동 (46),금호동2가 (53),당산동2가 (61),장충동2가 (70),남창동 (83),금호동4가 (94),남창동 (106),태평로2가 (128),금호동3가 (140)
211,문래동6가 (29),소공동 (33),후암동 (39),문래동2가 (46),영등포동6가 (53),구산동 (61),보광동 (69),영등포동5가 (80),수색동 (94),삼청동 (106),남창동 (128),내수동 (137)
212,삼선동4가 (28),남대문로5가 (33),영등포동8가 (39),명륜2가 (45),장충동2가 (53),돈암동 (61),금호동2가 (68),필동2가 (80),충무로2가 (93),금호동3가 (104),갈월동 (128),영등포동2가 (137)
213,명동2가 (28),마곡동 (33),본동 (39),청진동 (45),당산동5가 (52),금호동1가 (60),온수동 (68),동자동 (79),내수동 (93),동선동2가 (102),필동2가 (127),양평동3가 (135)
214,문래동1가 (28),동선동4가 (33),종로5가 (38),홍익동 (45),신공덕동 (52),장충동2가 (60),삼선동2가 (68),충무로4가 (78),북창동 (92),남영동 (102),충무로2가 (126),원효로1가 (132)
215,송정동 (26),동소문동2가 (33),인사동 (38),영등포동8가 (44),구산동 (51),궁동 (60),강일동 (68),북창동 (78),영등포동5가 (91),필동2가 (101),익선동 (125),영등포동5가 (131)
216,원지동 (26),내수동 (32),증산동 (37),낙원동 (44),필동2가 (51),충무로3가 (59),돈암동 (68),삼선동2가 (77),금호동3가 (89),수색동 (101),회현동1가 (123),수송동 (128)
217,중동 (25),종로5가 (32),종로1가 (37),청파동2가 (43),대신동 (51),광희동1가 (58),미근동 (67),한강로1가 (75),필동2가 (88),북창동 (101),북창동 (121),남창동 (128)
218,내곡동 (25),동소문동5가 (32),명륜2가 (36),금호동1가 (42),청진동 (50),한강로1가 (58),냉천동 (66),당산동4가 (74),용문동 (87),당산동2가 (100),당산동5가 (121),갈월동 (128)
219,영천동 (25),중동 (32),청진동 (36),삼청동 (41),서소문동 (50),남창동 (58),필동2가 (66),충무로3가 (74),냉천동 (84),용문동 (100),금호동3가 (120),태평로2가 (128)
220,응봉동 (25),황학동 (31),동선동2가 (35),보광동 (41),동자동 (50),영등포동6가 (58),영등포동6가 (66),금호동2가 (74),삼선동2가 (83),충무로4가 (100),영등포동2가 (118),필동2가 (127)
221,황학동 (25),중림동 (31),구산동 (35),냉천동 (40),내수동 (50),동자동 (57),동자동 (66),냉천동 (73),충무로3가 (82),금호동4가 (99),남영동 (116),신촌동 (127)
222,청진동 (24),삼선동5가 (29),상월곡동 (35),용산동2가 (40),홍익동 (49),충무로4가 (57),충무로4가 (65),내수동 (73),평창동 (82),영등포동5가 (98),금호동4가 (116),충무로2가 (126)
223,보문동7가 (24),평창동 (29),삼선동5가 (34),서소문동 (40),삼청동 (48),필동2가 (57),북창동 (65),갈월동 (73),영등포동7가 (82),평창동 (97),삼청동 (116),익선동 (125)
224,을지로6가 (23),충무로2가 (28),낙원동 (34),당산동4가 (39),당주동 (48),금호동2가 (56),궁동 (65),온수동 (73),돈암동 (81),수송동 (96),영등포동5가 (115),돈암동 (124)
225,영등포동1가 (23),송정동 (28),보광동 (34),필동2가 (39),용산동2가 (48),삼청동 (55),양평동2가 (64),궁동 (72),남영동 (81),원효로1가 (96),양평동3가 (115),회현동1가 (123)
226,보문동4가 (22),문래동1가 (28),문래동4가 (34),신촌동 (39),양평동3가 (48),내수동 (54),금호동1가 (64),당산동2가 (72),궁동 (80),회현동1가 (94),평창동 (114),당산동2가 (123)
227,신원동 (22),청진동 (28),삼청동 (33),한강로1가 (39),남창동 (48),갈월동 (54),충무로3가 (62),영등포동7가 (72),한강로1가 (80),갈월동 (93),한강로1가 (112),북창동 (121)
228,동숭동 (21),순화동 (27),동소문동2가 (33),동자동 (38),충무로3가 (47),청진동 (54),광희동1가 (61),광희동1가 (71),당산동2가 (80),한강로1가 (93),효제동 (111),냉천동 (120)
229,보문동1가 (21),문래동6가 (27),수송동 (32),효제동 (38),한강로1가 (47),용산동2가 (53),내수동 (61),미근동 (70),갈월동 (79),영등포동7가 (92),양평동2가 (111),금호동2가 (119)
230,강일동 (21),수송동 (27),중동 (32),동선동2가 (37),금호동1가 (46),대신동 (53),삼청동 (60),돈암동 (69),회현동1가 (78),돈암동 (91),충무로3가 (111),영등포동7가 (117)
231,명륜2가 (20),증산동 (27),동자동 (32),장충동2가 (37),문래동2가 (46),홍익동 (51),효제동 (60),금호동1가 (69),광희동1가 (78),청파동3가 (91),관수동 (111),삼청동 (116)
232,숭인동 (20),종로2가 (26),순화동 (32),동소문동2가 (37),영등포동8가 (46),당주동 (51),당산동4가 (59),효제동 (69),홍익동 (77),충무로3가 (90),명륜3가 (111),남영동 (116)
233,내수동 (19),명륜4가 (26),마곡동 (32),송정동 (36),당산동4가 (46),서계동 (50),갈월동 (59),용문동 (69),돈의동 (76),냉천동 (89),돈암동 (110),삼선동2가 (116)
234,장충동2가 (19),원지동 (26),장충동2가 (32),남창동 (36),광희동1가 (46),강일동 (50),평창동 (58),평창동 (68),수송동 (76),효제동 (89),당산동2가 (108),평창동 (114)
235,외발산동 (18),후암동 (26),송정동 (32),서계동 (36),서계동 (46),송정동 (49),태평로2가 (56),남영동 (67),효제동 (75),명동1가 (88),청파동3가 (106),미근동 (112)
236,남대문로5가 (18),신원동 (26),동선동4가 (31),종로2가 (36),동선동2가 (44),통의동 (49),홍익동 (56),양평동2가 (66),미근동 (74),삼선동2가 (88),용문동 (106),한강로1가 (112)
237,동자동 (18),동자동 (25),마포동 (31),중동 (36),충무로4가 (44),당산동4가 (49),송정동 (55),홍익동 (66),온수동 (74),양평동2가 (88),신촌동 (104),효제동 (111)
238,이촌동 (18),수색동 (25),당산동 (31),삼선동5가 (35),상월곡동 (43),부암동 (48),청진동 (55),수송동 (64),금호동2가 (74),명륜3가 (87),을지로3가 (104),관수동 (111)
239,평창동 (17),내곡동 (24),종로2가 (30),동소문동5가 (35),동소문동5가 (43),양평동3가 (48),혜화동 (54),원효로1가 (63),원효로1가 (73),온수동 (86),충무로4가 (103),명륜3가 (111)
240,양평동5가 (17),장충동2가 (24),다동 (30),상월곡동 (35),강일동 (42),평창동 (48),용문동 (54),영등포동6가 (63),강일동 (72),광희동1가 (86),순화동 (103),충무로3가 (111)
241,동선동3가 (17),삼청동 (23),남창동 (30),당주동 (34),부암동 (42),동선동2가 (48),명륜3가 (53),청파동3가 (63),청파동3가 (72),홍익동 (86),삼선동2가 (103),용문동 (106)
242,구산동 (17),을지로2가 (23),한강로1가 (30),본동 (34),평창동 (41),관수동 (48),대신동 (52),송정동 (62),양평동2가 (71),금호동2가 (85),종로1가 (103),청파동3가 (106)
243,소공동 (17),남창동 (23),보문동7가 (29),다동 (34),태평로2가 (41),동소문동5가 (48),회현동1가 (52),돈의동 (62),동소문동5가 (71),태평로2가 (85),돈의동 (103),동소문동2가 (104)
244,양평동6가 (16),영천동 (23),필동2가 (29),용문동 (34),무교동 (40),문래동2가 (47),통의동 (52),동소문동5가 (62),원효로2가 (70),돈의동 (85),냉천동 (102),을지로3가 (104)
245,명륜4가 (16),보광동 (23),문래동1가 (29),관훈동 (34),관수동 (40),상월곡동 (47),서계동 (52),양평동3가 (61),연건동 (70),원효로2가 (84),영등포동7가 (100),문래동2가 (104)
246,다동 (16),인사동 (23),평창동 (29),충무로3가 (34),효제동 (39),태평로2가 (47),양평동3가 (52),부암동 (60),통의동 (69),관수동 (84),미근동 (98),홍익동 (103)
247,종로2가 (16),다동 (23),동소문동5가 (28),평창동 (34),청파동3가 (39),북창동 (46),영등포동8가 (52),회현동1가 (60),관수동 (68),종로1가 (84),금호동2가 (97),종로1가 (103)
248,동작동 (15),구산동 (23),충무로3가 (27),문래동4가 (34),삼선동5가 (39),청파동3가 (46),남영동 (51),종로6가 (60),부암동 (68),미근동 (83),수색동 (97),돈의동 (103)
249,관철동 (15),보문동7가 (22),서소문동 (27),동선동4가 (33),송정동 (39),용문동 (46),청파동3가 (51),무교동 (60),태평로1가 (68),익선동 (83),명동1가 (97),충무로4가 (103)
250,남영동 (15),영등포동1가 (22),효제동 (27),종로1가 (33),회현동1가 (39),남영동 (45),문래동2가 (50),통의동 (60),금호동1가 (68),신촌동 (82),원효로2가 (96),순화동 (103)
251,수송동 (15),양평동5가 (22),당주동 (27),부암동 (33),남영동 (39),명륜3가 (45),동선동2가 (50),문래동2가 (60),순화동 (68),궁동 (81),초동 (95),궁동 (101)
252,구수동 (14),종로1가 (22),상왕십리동 (26),문래동1가 (32),종로6가 (38),효제동 (44),수송동 (50),혜화동 (60),명동1가 (67),연건동 (81),홍익동 (95),상월곡동 (99)
253,동선동5가 (14),회현동1가 (22),청파동2가 (26),무교동 (32),신촌동 (38),회현동1가 (44),무교동 (49),명동1가 (59),송정동 (67),신문로1가 (80),광희동1가 (95),영등포동6가 (98)
254,보문동5가 (14),인의동 (22),무교동 (26),수송동 (32),수송동 (38),마곡동 (44),동소문동5가 (49),영등포동8가 (59),명륜3가 (67),영등포동6가 (80),신문로1가 (93),명동1가 (97)
255,삼청동 (14),남영동 (22),부암동 (26),원효로1가 (32),갈월동 (37),무교동 (43),연건동 (49),명륜3가 (57),종로6가 (67),종로6가 (79),통의동 (93),영등포동8가 (97)
256,사근동 (14),보문동1가 (21),신원동 (26),순화동 (31),용문동 (37),돈의동 (43),종로6가 (49),양평동5가 (57),종로1가 (67),상월곡동 (78),태평로1가 (92),수색동 (97)
257,종로5가 (14),장지동 (21),문래동6가 (26),마포동 (31),북창동 (36),혜화동 (43),원효로1가 (49),서계동 (57),영등포동6가 (67),통의동 (78),종로6가 (92),원효로2가 (96)
258,순화동 (14),삼선동4가 (20),영천동 (25),보문동7가 (31),동선동4가 (36),영등포동8가 (42),돈의동 (49),신문로1가 (57),신문로1가 (67),을지로3가 (77),혜화동 (90),광희동1가 (95)
259,증산동 (13),삼선동1가 (20),서계동 (25),갈월동 (30),명동1가 (36),동소문동2가 (41),신문로1가 (48),동선동2가 (56),서계동 (67),양평동3가 (76),온수동 (90),초동 (95)
260,장지동 (13),응봉동 (20),응봉동 (25),명동1가 (30),중동 (36),수송동 (41),부암동 (48),관수동 (56),세곡동 (67),순화동 (76),상월곡동 (90),온수동 (94)
261,인의동 (13),서소문동 (20),종로6가 (25),관수동 (30),혜화동 (36),연건동 (41),구기동 (48),순화동 (55),양평동3가 (66),강일동 (75),동소문동2가 (89),신문로1가 (93)
262,충무로2가 (13),필동2가 (19),묘동 (25),묘동 (30),본동 (36),종로6가 (40),관수동 (47),연건동 (55),영등포동8가 (65),부암동 (75),영등포동6가 (88),양평동5가 (93)
263,동소문동6가 (13),부암동 (19),관수동 (25),응봉동 (29),종로2가 (35),신촌동 (40),상월곡동 (47),대신동 (54),양평동5가 (65),혜화동 (75),궁동 (86),통의동 (93)
264,낙원동 (12),한강로1가 (19),회현동1가 (25),태평로2가 (29),신문로1가 (35),신계동 (40),신계동 (46),태평로2가 (54),혜화동 (64),체부동 (75),영등포동8가 (86),태평로1가 (92)
265,안암동4가 (12),구기동 (19),내곡동 (24),광희동1가 (29),돈의동 (35),원효로1가 (40),동소문동2가 (46),상월곡동 (53),신촌동 (64),서계동 (74),체부동 (86),종로6가 (92)
266,갈월동 (12),당주동 (19),구기동 (24),종로6가 (29),종로1가 (35),구기동 (39),원효로2가 (44),원효로2가 (53),동선동2가 (63),송정동 (74),연건동 (85),혜화동 (90)
267,구기동 (12),낙원동 (19),태평로2가 (24),충무로4가 (29),동소문동2가 (35),삼선동5가 (39),명동1가 (44),을지로3가 (53),을지로3가 (63),동소문동5가 (73),양평동5가 (85),신원동 (89)
268,보광동 (12),외발산동 (18),진관동 (23),신문로1가 (28),문래동4가 (34),원효로2가 (38),당산동 (43),세곡동 (53),체부동 (63),양평동5가 (73),종로2가 (84),동소문동5가 (89)
269,동소문동7가 (12),태평로2가 (18),장지동 (23),회현동1가 (28),연건동 (34),명동1가 (38),신촌동 (42),종로1가 (53),태평로2가 (62),묘동 (72),묘동 (84),삼선동5가 (89)
270,동소문동1가 (12),무교동 (18),원지동 (23),북창동 (28),문래동1가 (33),종로1가 (38),종로1가 (42),정동 (53),문래동2가 (62),연지동 (72),흥인동 (84),송정동 (87)
271,을지로2가 (11),관수동 (17),용문동 (23),마곡동 (28),원효로1가 (33),본동 (38),정동 (42),계동 (51),상월곡동 (61),영등포동8가 (72),서계동 (83),체부동 (86)
272,과해동 (11),진관동 (17),청파동3가 (23),당산동 (28),묘동 (33),문래동4가 (37),양평동5가 (41),신촌동 (50),정동 (61),인의동 (72),적선동 (83),연건동 (85)
273,문래동5가 (11),신계동 (17),남영동 (23),문래동6가 (28),보문동7가 (32),신문로1가 (37),순화동 (41),구기동 (50),무교동 (59),적선동 (71),세곡동 (83),금호동1가 (85)
274,수색동 (11),흥인동 (17),용산동2가 (23),신원동 (28),인의동 (31),중동 (36),인의동 (40),인의동 (49),구기동 (59),세곡동 (69),계동 (82),묘동 (84)
275,관훈동 (11),청파동2가 (17),남산동2가 (22),청파동3가 (28),마포동 (31),양평동5가 (36),종로3가 (38),체부동 (49),대신동 (58),문래동2가 (69),인의동 (82),종로2가 (84)
276,천연동 (11),용산동2가 (16),신계동 (22),연건동 (28),신계동 (31),순화동 (36),묘동 (38),동소문동2가 (48),묘동 (58),초동 (69),무교동 (82),흥인동 (84)
277,용산동2가 (11),용문동 (16),양평동5가 (22),보문동1가 (27),순화동 (30),동선동4가 (36),삼선동5가 (38),묘동 (47),문래동6가 (58),태평로1가 (68),문래동2가 (81),적선동 (83)
278,종로1가 (10),묘동 (16),북창동 (22),남영동 (27),원효로2가 (30),인의동 (35),연지동 (38),적선동 (47),초동 (57),계동 (68),부암동 (81),세곡동 (83)
279,신계동 (10),혜화동 (16),혜화동 (22),구기동 (26),구기동 (30),묘동 (35),적선동 (38),초동 (47),재동 (56),정동 (67),동소문동5가 (81),서계동 (83)
280,현저동 (10),사근동 (16),외발산동 (22),강일동 (26),삼선동4가 (29),당산동 (34),계동 (38),종로2가 (45),인의동 (56),무교동 (67),종로3가 (79),인의동 (82)
281,동소문동3가 (10),양평동6가 (15),광희동1가 (22),삼선동4가 (26),정동 (29),신문로2가 (33),을지로3가 (37),재동 (45),계동 (55),문래동6가 (65),송정동 (77),무교동 (82)
282,보문동2가 (10),동소문동6가 (15),갈월동 (22),양평동5가 (25),명륜3가 (29),정동 (33),필동3가 (37),마곡동 (45),동소문동2가 (54),금호동1가 (64),신원동 (76),계동 (82)
283,남산동2가 (10),구수동 (15),명동1가 (21),혜화동 (25),당산동 (29),문래동1가 (32),초동 (37),신계동 (44),적선동 (53),동소문동2가 (64),연지동 (75),부암동 (81)
284,태평로2가 (10),적선동 (15),삼선동1가 (21),영천동 (25),신원동 (28),마포동 (32),마곡동 (37),종로3가 (43),필동3가 (50),구기동 (64),필운동 (73),사근동 (81)
285,북창동 (10),효제동 (15),연건동 (21),돈의동 (24),보문동1가 (28),종로3가 (32),흥인동 (37),당산동 (43),당산동 (50),신원동 (63),삼선동5가 (72),상왕십리동 (79)
286,청파동2가 (10),충무로3가 (14),인의동 (21),남산동2가 (24),응봉동 (28),효창동 (32),본동 (36),문래동6가 (43),연지동 (50),대신동 (63),정동 (72),종로3가 (79)
287,광희동1가 (10),보문동4가 (14),신문로1가 (20),인의동 (24),효창동 (28),문래동6가 (31),보문동7가 (36),필동3가 (42),필운동 (49),종로2가 (62),대신동 (72),문래동6가 (77)
288,묘동 (9),북창동 (14),충무로4가 (20),외발산동 (24),남산동2가 (28),보문동7가 (31),무악동 (36),저동2가 (41),흥인동 (48),종로3가 (62),문래동6가 (71),대신동 (76)
289,부암동 (9),동선동3가 (14),돈의동 (19),장지동 (24),문래동6가 (28),무악동 (31),문래동4가 (36),태평로1가 (41),상왕십리동 (48),재동 (60),원효로3가 (70),연지동 (75)
290,동소문동4가 (9),광희동1가 (14),관훈동 (19),원지동 (24),통의동 (28),원지동 (31),종로2가 (35),무악동 (41),익선동 (48),원효로3가 (58),재동 (69),필운동 (73)
291,회현동1가 (9),충무로4가 (14),원효로3가 (19),내곡동 (24),마곡동 (27),응봉동 (30),체부동 (35),보문동7가 (41),종로2가 (48),필동3가 (57),필동3가 (69),정동 (72)
292,저동2가 (9),동작동 (14),보문동1가 (19),신문로2가 (23),원지동 (27),을지로1가 (30),재동 (35),삼선동5가 (40),신계동 (47),필운동 (57),저동2가 (67),원효로3가 (70)
293,효제동 (9),서계동 (14),적선동 (19),신계동 (22),양평동5가 (27),필동3가 (30),태평로1가 (35),효창동 (40),삼선동5가 (47),흥인동 (57),금호동1가 (67),재동 (69)
294,적선동 (9),도렴동 (13),무악동 (18),상왕십리동 (22),신문로2가 (27),초동 (30),세곡동 (35),필운동 (39),신문로2가 (47),신계동 (56),상왕십리동 (65),필동3가 (69)
295,성북동1가 (9),필운동 (13),영등포동1가 (18),명륜3가 (22),영천동 (27),영천동 (29),문래동1가 (35),필동1가 (39),저동2가 (47),저동2가 (56),문래동4가 (65),문래동4가 (68)
296,용문동 (9),보문동2가 (13),주교동 (17),적선동 (21),적선동 (26),적선동 (29),효창동 (35),남산동2가 (39),종로3가 (46),삼선동5가 (55),서린동 (64),동선동4가 (68)
297,혜화동 (9),저동1가 (13),삼선동4가 (17),무악동 (21),재동 (26),내곡동 (29),동선동4가 (34),응봉동 (38),문래동1가 (45),남산동2가 (55),구기동 (63),저동2가 (67)
298,봉익동 (8),동선동5가 (13),원효로1가 (17),통의동 (21),종로3가 (26),삼선동4가 (28),쌍림동 (34),상왕십리동 (38),문래동4가 (45),상왕십리동 (53),강일동 (63),보문동7가 (65)
299,연건동 (8),동소문동1가 (13),동선동3가 (17),종로3가 (21),무악동 (25),흥인동 (28),문래동6가 (33),연지동 (38),원효로3가 (45),당산동 (53),남산동2가 (63),서린동 (64)
300,청파동3가 (8),관훈동 (13),흥인동 (17),원효로3가 (21),주교동 (25),삼선동1가 (28),을지로1가 (33),흥인동 (38),소격동 (44),소격동 (52),필동1가 (62),구기동 (63)
301,원효로2가 (8),청파동3가 (13),동소문동6가 (16),필동1가 (21),초동 (25),종로2가 (28),필동1가 (33),신문로2가 (38),장지동 (44),필동1가 (52),을지로1가 (62),강일동 (63)
302,당주동 (8),저동2가 (12),동작동 (16),영등포동1가 (20),필동3가 (25),연지동 (28),영천동 (33),문래동4가 (38),동선동4가 (43),수표동 (52),사근동 (62),남산동2가 (63)
303,현석동 (8),명동1가 (12),세곡동 (16),연지동 (20),태평로1가 (25),보문동1가 (28),필운동 (32),동선동4가 (37),남산동2가 (42),문래동4가 (51),쌍림동 (62),을지로1가 (62)
304,율현동 (8),세곡동 (12),도렴동 (16),흥인동 (20),원효로3가 (25),세곡동 (28),원지동 (31),문래동1가 (37),필동1가 (42),을지로1가 (51),신문로2가 (60),필동1가 (62)
305,인사동 (7),과해동 (12),과해동 (15),도렴동 (20),필동1가 (24),원효로3가 (27),신문로2가 (31),본동 (36),도렴동 (41),사근동 (50),신계동 (59),쌍림동 (62)
306,옥천동 (7),보문동5가 (12),사근동 (15),삼선동1가 (19),세곡동 (23),태평로1가 (27),과해동 (31),원효로3가 (36),주교동 (40),신문로2가 (49),당산동 (58),삼선동4가 (61)
307,안암동2가 (7),돈의동 (12),종로3가 (15),과해동 (19),내곡동 (23),재동 (27),청파동1가 (31),쌍림동 (36),수표동 (40),안국동 (48),보문동7가 (57),신문로2가 (60)
308,흥인동 (7),연건동 (12),보문동2가 (15),원효로2가 (19),쌍림동 (23),인현동2가 (26),보문동1가 (31),영천동 (34),응봉동 (40),주교동 (48),삼선동4가 (57),신계동 (59)
309,충무로3가 (7),주교동 (12),필동1가 (15),필동3가 (18),연지동 (23),주교동 (26),삼선동1가 (30),을지로1가 (34),을지로1가 (40),보문동7가 (47),소격동 (57),당산동 (59)
310,소격동 (7),종로6가 (12),교북동 (15),교남동 (18),도렴동 (23),을지로3가 (26),주교동 (30),마포동 (33),무악동 (40),수하동 (46),명륜1가 (57),삼선동1가 (58)
311,주교동 (7),동소문동3가 (12),교남동 (15),효창동 (18),장지동 (23),체부동 (26),도렴동 (30),삼선동1가 (33),보문동7가 (39),삼선동4가 (46),안국동 (56),본동 (58)
312,필동2가 (7),동소문동4가 (11),연지동 (14),태평로1가 (18),과해동 (22),남산동2가 (26),장지동 (29),주교동 (33),안국동 (39),문래동1가 (46),동선동4가 (56),소격동 (57)
313,후암동 (7),무악동 (11),만리동2가 (14),보문동2가 (18),삼선동1가 (22),저동2가 (26),내곡동 (29),원지동 (32),중동 (39),동선동4가 (46),수표동 (54),명륜1가 (57)
314,종로6가 (7),원효로2가 (11),신문로2가 (14),초동 (18),계동 (22),계동 (26),저동2가 (29),충무로5가 (32),본동 (39),동소문동6가 (45),누하동 (54),문래동1가 (56)
315,돈의동 (7),교북동 (11),구수동 (14),정동 (18),을지로3가 (22),무학동 (26),충무로5가 (28),삼선동4가 (32),효창동 (39),홍지동 (45),수하동 (54),안국동 (56)
316,무교동 (7),옥천동 (11),재동 (14),동소문동6가 (18),인현동2가 (22),장지동 (25),삼선동4가 (28),보문동1가 (32),사근동 (39),본동 (44),본동 (52),영천동 (55)
317,항동 (7),남산동2가 (11),동선동5가 (13),세곡동 (17),서린동 (21),신영동 (25),응봉동 (28),도렴동 (32),동소문동6가 (38),오장동 (44),주교동 (51),성북동1가 (54)
318,관수동 (7),갈월동 (11),양평동6가 (13),을지로1가 (17),저동2가 (21),도렴동 (25),원효로3가 (28),익선동 (32),삼선동1가 (37),도렴동 (43),영천동 (51),누하동 (54)
319,한강로1가 (7),신문로2가 (10),동소문동1가 (13),신영동 (17),신영동 (21),필동1가 (25),무학동 (27),홍지동 (31),신원동 (37),효창동 (43),효창동 (50),중동 (54)
320,진관동 (7),연지동 (10),통의동 (13),주교동 (17),을지로1가 (21),구수동 (24),인현동2가 (27),소격동 (31),오장동 (37),영천동 (43),무학동 (50),수표동 (54)
321,천왕동 (6),천연동 (10),동소문동3가 (13),서린동 (17),구수동 (21),외발산동 (24),사근동 (27),안국동 (31),쌍림동 (37),서린동 (42),오장동 (50),수하동 (54)
322,서계동 (6),신문로1가 (10),동소문동4가 (13),회현동2가 (17),회현동2가 (20),회현동2가 (24),중동 (26),중동 (31),삼선동4가 (36),중동 (42),도렴동 (49),구수동 (52)
323,만리동2가 (6),교남동 (10),저동2가 (13),교북동 (17),상왕십리동 (20),청파동1가 (24),남산동2가 (26),무학동 (30),서린동 (36),충무로5가 (42),홍지동 (49),주교동 (51)
324,염곡동 (6),태평로1가 (10),저동1가 (13),만리동2가 (16),교북동 (20),서린동 (23),안국동 (26),청파동1가 (30),영천동 (36),명륜1가 (41),중동 (49),동소문동6가 (51)
325,오장동 (6),통의동 (10),서린동 (12),필운동 (16),흥인동 (20),소격동 (23),동소문동6가 (25),동소문동6가 (30),충무로5가 (36),삼선동1가 (41),충무로5가 (49),오장동 (50)
326,도렴동 (6),원효로1가 (9),명륜3가 (12),인현동2가 (16),영등포동1가 (20),필운동 (22),서린동 (25),천왕동 (30),무학동 (35),청파동1가 (41),nan (48),효창동 (50)
327,신문로1가 (6),동소문동7가 (9),강일동 (12),계동 (16),소격동 (19),신원동 (22),원효로4가 (25),장지동 (30),인현동2가 (35),무학동 (40),문래동1가 (48),무학동 (50)
328,연지동 (6),성북동1가 (9),효창동 (12),홍지동 (16),동선동3가 (19),과해동 (22),회현동2가 (25),동선동3가 (29),원남동 (34),내곡동 (39),청파동1가 (47),충무로5가 (49)
329,공평동 (6),만리동2가 (9),옥천동 (11),재동 (16),보문동2가 (18),쌍림동 (21),마포동 (25),서린동 (29),홍지동 (34),보문동1가 (39),삼선동1가 (46),동선동3가 (49)
330,삼선동3가 (6),문래동5가 (9),신영동 (11),저동2가 (16),동소문동1가 (18),교북동 (21),동선동3가 (24),명륜1가 (29),청파동1가 (34),쌍림동 (39),성북동1가 (45),홍지동 (49)
331,저동1가 (6),소격동 (9),필운동 (11),동소문동4가 (15),동소문동6가 (18),동소문동1가 (21),홍지동 (24),사근동 (29),보문동1가 (34),무악동 (39),문배동 (45),도렴동 (49)
332,남창동 (6),봉익동 (8),원남동 (11),화동 (15),동소문동4가 (18),동소문동4가 (21),수표동 (23),신원동 (29),명륜1가 (33),회현동2가 (39),인현동2가 (44),nan (48)
333,명동1가 (6),원남동 (8),홍지동 (11),동선동3가 (15),필운동 (18),영등포동1가 (21),동소문동4가 (23),원효로4가 (29),마포동 (33),응봉동 (38),구수동 (43),보문동1가 (48)
334,보문동6가 (6),공평동 (8),무학동 (11),구수동 (15),외발산동 (17),사근동 (21),소격동 (23),인현동2가 (29),동선동3가 (33),인현동2가 (38),남대문로4가 (42),청파동1가 (47)
335,안암동1가 (6),장충동1가 (8),원효로2가 (11),보문동5가 (14),교남동 (17),안국동 (21),영등포동1가 (23),수표동 (29),내곡동 (33),문배동 (37),원지동 (41),동소문동4가 (46)
336,세곡동 (6),원효로3가 (8),청파동1가 (11),저동1가 (14),봉래동1가 (17),상왕십리동 (20),남대문로4가 (22),수하동 (29),구수동 (32),원남동 (37),내곡동 (41),내곡동 (46)
337,인현동1가 (6),nan (8),보문동5가 (11),소격동 (14),홍지동 (17),성북동1가 (20),신영동 (22),내곡동 (28),회현동2가 (31),견지동 (35),동선동3가 (41),영등포동1가 (46)
338,무학동 (6),계동 (7),태평로1가 (11),남대문로4가 (14),성북동1가 (17),원효로4가 (20),중학동 (21),회현동2가 (28),천왕동 (31),구수동 (35),응봉동 (41),응봉동 (46)
339,신문로2가 (6),청파동1가 (7),필동3가 (11),무학동 (14),원효로4가 (17),화동 (20),천왕동 (21),오장동 (27),남대문로4가 (30),누하동 (35),회현동2가 (41),원지동 (45)
340,무악동 (6),안암동4가 (7),nan (10),오장동 (14),화동 (16),동소문동6가 (20),명륜1가 (21),화동 (25),가회동 (30),남대문로4가 (35),보문동1가 (41),문배동 (45)
341,운니동 (5),오장동 (7),계동 (10),동소문동1가 (14),안국동 (16),충무로5가 (19),수하동 (21),nan (24),원지동 (29),동선동3가 (34),저동1가 (40),인현동2가 (44)
342,충무로4가 (5),종로3가 (7),소격동 (10),청파동1가 (14),견지동 (16),홍지동 (19),성북동1가 (21),문배동 (24),문배동 (29),가회동 (34),마포동 (40),문래동5가 (44)
343,원효로1가 (5),을지로4가 (7),원효로4가 (10),을지로3가 (13),보문동5가 (16),봉래동1가 (19),오장동 (21),교남동 (24),수하동 (29),영등포동1가 (33),동소문동6가 (40),마포동 (44)
344,쌍림동 (5),을지로1가 (7),견지동 (10),견지동 (13),저동1가 (16),동선동3가 (19),신원동 (21),남대문로4가 (24),와룡동 (28),마포동 (33),무악동 (40),동선동5가 (43)
345,통의동 (5),현저동 (7),을지로1가 (10),사근동 (13),충무로5가 (16),수하동 (18),견지동 (21),중학동 (24),동소문동1가 (28),천왕동 (32),원남동 (39),동소문동1가 (42)
346,서소문동 (5),명륜3가 (7),인현동1가 (10),안국동 (13),오장동 (16),동빙고동 (18),동소문동1가 (21),장충동1가 (23),영등포동1가 (28),nan (32),영등포동1가 (39),남대문로4가 (42)
347,필운동 (5),현석동 (7),보문동4가 (10),공평동 (13),명륜1가 (15),보문동2가 (18),화동 (20),동빙고동 (23),성북동1가 (27),동소문동1가 (31),화동 (39),회현동2가 (41)
348,안암동3가 (5),필동1가 (7),천연동 (10),봉래동1가 (13),청파동1가 (15),저동1가 (18),구수동 (20),동소문동1가 (23),중학동 (27),성북동1가 (31),교남동 (38),저동1가 (40)
349,인현동2가 (5),인현동1가 (7),현석동 (9),양평동6가 (13),무학동 (15),오장동 (18),저동1가 (20),봉익동 (23),원효로4가 (27),신영동 (30),동소문동1가 (38),무악동 (40)
350,원효로3가 (5),율현동 (7),공평동 (9),충무로5가 (13),동빙고동 (15),교남동 (17),봉래동1가 (19),동소문동4가 (23),견지동 (27),옥인동 (30),견지동 (38),원남동 (39)
351,장교동 (5),묵정동 (6),문배동 (9),원남동 (12),수하동 (15),명륜1가 (17),동빙고동 (19),원남동 (22),누하동 (27),원효로4가 (30),문래동5가 (37),화동 (39)
352,교남동 (5),체부동 (6),종로4가 (9),장충동1가 (12),종로4가 (15),견지동 (17),교남동 (19),구수동 (22),신영동 (27),율현동 (29),가회동 (36),교남동 (38)
353,장충동1가 (4),홍지동 (6),초동 (9),체부동 (12),남대문로4가 (15),남대문로4가 (17),nan (19),성북동1가 (22),동빙고동 (26),원지동 (29),동선동5가 (35),견지동 (38)
354,합동 (4),종로4가 (6),충무로5가 (9),nan (12),체부동 (15),종로4가 (16),보문동2가 (18),영등포동1가 (22),화동 (26),문래동5가 (28),와룡동 (35),보문동2가 (37)
355,홍지동 (4),서린동 (6),장충동1가 (9),동선동5가 (12),사근동 (15),봉익동 (16),을지로4가 (18),신영동 (22),nan (25),동선동5가 (28),옥인동 (34),가회동 (36)
356,태평로1가 (4),무학동 (6),정동 (9),종로4가 (12),원남동 (14),을지로4가 (16),종로4가 (18),옥인동 (21),동소문동4가 (25),동소문동4가 (28),동소문동4가 (34),와룡동 (35)
357,와룡동 (4),남대문로2가 (6),오장동 (9),원효로4가 (11),양평동6가 (14),천왕동 (15),율현동 (17),을지로4가 (21),봉익동 (25),화동 (28),신영동 (33),안암동1가 (35)
358,계동 (4),남대문로4가 (6),장교동 (8),명륜1가 (11),nan (13),율현동 (15),익선동 (17),보문동5가 (21),장충동1가 (25),와룡동 (27),천왕동 (33),옥인동 (34)
359,정동 (4),쌍림동 (6),인현동2가 (8),보문동4가 (10),만리동2가 (13),공평동 (15),동선동5가 (17),원서동 (21),옥인동 (25),보문동5가 (26),동빙고동 (33),을지로4가 (33)
360,묵정동 (4),남산동1가 (6),합동 (8),쌍림동 (10),공평동 (13),장충동1가 (15),장충동1가 (17),견지동 (21),을지로4가 (24),인현동1가 (26),을지로4가 (33),신영동 (33)
361,남대문로2가 (4),문배동 (6),을지로3가 (8),을지로4가 (10),장충동1가 (12),nan (14),문배동 (16),종로4가 (20),인현동1가 (24),장충동1가 (26),보문동2가 (32),동빙고동 (33)
362,예관동 (4),강일동 (6),동빙고동 (8),동소문동3가 (10),보문동4가 (12),인현동1가 (14),봉익동 (16),율현동 (20),보문동5가 (24),을지로4가 (26),율현동 (32),천왕동 (33)
363,종로4가 (4),인현동2가 (6),성북동1가 (8),문래동5가 (10),문래동5가 (12),동소문동7가 (13),교북동 (16),봉래동1가 (20),원서동 (23),동빙고동 (26),원효로4가 (31),보문동5가 (32)
364,필동3가 (4),수표동 (6),을지로4가 (8),천연동 (10),을지로4가 (12),양평동6가 (13),보문동5가 (16),가회동 (19),교남동 (23),원서동 (25),남대문로3가 (31),율현동 (32)
365,필동1가 (4),천왕동 (6),남대문로4가 (8),봉익동 (9),율현동 (12),합동 (13),동소문동7가 (15),동소문동7가 (19),보문동2가 (22),봉익동 (25),종로4가 (31),장충동1가 (31)
366,재동 (3),안암동1가 (6),쌍림동 (8),성북동1가 (9),동선동5가 (12),보문동5가 (13),합동 (15),와룡동 (19),종로4가 (22),종로4가 (25),장충동1가 (31),종로4가 (31)
367,용산동3가 (3),보문동6가 (6),동소문동7가 (8),동소문동7가 (9),원서동 (11),수표동 (13),남대문로3가 (15),동선동5가 (19),남대문로3가 (22),남대문로3가 (24),인현동1가 (30),원효로4가 (31)
368,만리동1가 (3),필동3가 (6),문래동5가 (8),인현동1가 (9),동소문동3가 (11),문배동 (13),원남동 (15),문래동5가 (18),율현동 (22),동소문동7가 (23),원서동 (29),남대문로3가 (31)
369,산림동 (3),안국동 (5),체부동 (7),율현동 (9),봉익동 (11),평동 (12),문래동5가 (15),남대문로3가 (18),문래동5가 (21),봉래동1가 (23),보문동5가 (28),인현동1가 (30)
370,신영동 (3),신영동 (5),봉익동 (7),현석동 (9),인현동1가 (11),원남동 (12),와룡동 (14),누하동 (18),봉래동1가 (21),중학동 (23),봉익동 (28),원서동 (29)
371,안국동 (3),재동 (5),안국동 (7),합동 (9),문배동 (11),천연동 (12),누하동 (14),인현동1가 (18),동소문동7가 (19),교남동 (23),중학동 (28),봉익동 (28)
372,을지로3가 (3),안암동2가 (5),안암동1가 (7),옥천동 (9),옥천동 (10),문래동5가 (12),공평동 (14),저동1가 (18),저동1가 (19),안암동1가 (22),봉래동1가 (27),중학동 (28)
373,종로3가 (3),견지동 (5),천왕동 (7),문배동 (9),안암동1가 (10),동선동5가 (12),인현동1가 (14),보문동2가 (16),동선동5가 (19),보문동2가 (22),안암동1가 (27),천연동 (27)
374,산천동 (3),항동 (5),홍파동 (7),개화동 (8),현석동 (10),남대문로3가 (12),외발산동 (14),동작동 (16),장교동 (17),남산동1가 (21),남대문로2가 (26),봉래동1가 (27)
375,초동 (3),홍파동 (5),가회동 (6),장사동 (8),남대문로2가 (10),보문동4가 (11),장교동 (14),남대문로2가 (15),평동 (17),운니동 (20),평동 (25),보문동4가 (27)
376,을지로1가 (3),초동 (5),와룡동 (6),동빙고동 (8),장교동 (10),와룡동 (11),양평동6가 (13),삼선동3가 (15),남대문로2가 (17),합동 (20),천연동 (25),동소문동7가 (26)
377,남산동1가 (3),장교동 (5),명륜1가 (6),가회동 (8),천연동 (10),원서동 (11),원서동 (13),안암동1가 (15),외발산동 (16),경운동 (20),외발산동 (25),합동 (26)
378,nan (3),동빙고동 (5),항동 (6),장교동 (8),수표동 (9),현석동 (11),천연동 (13),합동 (15),합동 (16),남대문로2가 (19),동소문동7가 (25),남대문로2가 (26)
379,회현동2가 (3),청운동 (5),율현동 (6),와룡동 (8),평동 (9),동소문동3가 (11),삼선동3가 (13),장교동 (15),보문동4가 (16),보문동4가 (19),운니동 (25),운니동 (25)
380,양화동 (3),효창동 (5),봉래동1가 (6),남대문로3가 (8),남대문로3가 (9),익선동 (11),보문동4가 (12),외발산동 (15),동작동 (15),평동 (18),남산동1가 (24),외발산동 (25)
381,봉래동1가 (3),만리동1가 (5),장사동 (6),수표동 (7),중학동 (9),안암동1가 (10),운니동 (12),보문동4가 (15),교북동 (15),동작동 (18),만리동1가 (23),평동 (25)
382,교북동 (3),정동 (5),화동 (6),홍파동 (7),와룡동 (9),누하동 (10),옥인동 (12),교북동 (14),경운동 (15),외발산동 (18),보문동4가 (23),남산동1가 (24)
383,체부동 (3),합동 (5),예장동 (6),평동 (6),합동 (9),중학동 (10),옥천동 (12),천연동 (14),운니동 (14),천연동 (18),예장동 (22),만리동1가 (23)
384,남대문로4가 (3),충정로1가 (5),만리동1가 (6),누하동 (6),익선동 (8),만리동2가 (9),남대문로2가 (12),양평동6가 (13),안암동1가 (14),예장동 (18),창성동 (21),예장동 (22)
385,가회동 (2),충무로5가 (5),운니동 (6),삼선동3가 (6),삼선동3가 (8),옥천동 (9),묵정동 (11),공평동 (13),삼선동3가 (14),양평동6가 (17),용산동3가 (21),삼선동3가 (22)
386,명륜3가 (2),봉래동1가 (4),남대문로2가 (6),안암동1가 (6),용산동3가 (8),남산동1가 (9),남산동1가 (11),남산동1가 (13),천연동 (14),창성동 (17),삼선동3가 (21),창성동 (21)
387,보문동3가 (2),예장동 (4),개화동 (6),청운동 (6),안암동2가 (8),항동 (8),평동 (11),옥천동 (13),청운동 (14),저동1가 (17),공평동 (21),용산동3가 (21)
388,을지로4가 (2),와룡동 (4),수하동 (5),남산동1가 (6),남산동1가 (8),남대문로2가 (8),동소문동3가 (10),운니동 (12),공평동 (13),장교동 (17),경운동 (21),경운동 (21)
389,옥인동 (2),남대문로3가 (4),충정로1가 (5),묵정동 (6),항동 (7),용산동3가 (8),청운동 (10),평동 (12),옥천동 (13),묵정동 (16),합동 (21),공평동 (21)
390,장사동 (2),안암동3가 (4),익선동 (5),예장동 (6),청운동 (7),삼선동3가 (8),안암동1가 (10),청운동 (12),양평동6가 (13),청운동 (16),청운동 (20),양평동6가 (20)
391,문배동 (2),예관동 (4),남대문로3가 (5),만리동1가 (6),장사동 (7),장교동 (8),현저동 (10),용산동3가 (11),남산동1가 (13),교북동 (16),양평동6가 (20),청운동 (20)
392,수하동 (2),회현동2가 (4),누하동 (5),수하동 (5),묵정동 (7),묵정동 (8),예장동 (10),만리동1가 (11),충정로1가 (12),삼선동3가 (15),묵정동 (19),권농동 (19)
393,충무로5가 (2),경운동 (4),수표동 (5),충정로1가 (5),누하동 (7),경운동 (8),가회동 (9),묵정동 (11),용산동3가 (12),용산동3가 (15),장교동 (19),묵정동 (19)
394,개화동 (2),을지로3가 (4),경운동 (5),익선동 (5),예장동 (7),산림동 (8),산림동 (9),동소문동3가 (11),동소문동3가 (11),옥천동 (14),권농동 (19),장교동 (19)
395,동빙고동 (2),염곡동 (4),청운동 (5),용산동3가 (5),천왕동 (7),청운동 (8),용산동3가 (9),충정로1가 (10),묵정동 (11),공평동 (14),교북동 (18),보문동6가 (19)
396,수표동 (2),삼선동3가 (4),삼선동3가 (5),예관동 (5),동소문동7가 (7),장사동 (7),동작동 (9),현저동 (10),만리동1가 (11),만리동1가 (13),동작동 (18),동소문동3가 (19)
397,청운동 (2),명륜1가 (4),현저동 (5),산천동 (5),가회동 (6),가회동 (7),만리동1가 (8),산림동 (10),산림동 (10),산림동 (13),당인동 (16),교북동 (18)
398,입정동 (2),운니동 (4),원서동 (5),남대문로2가 (5),안암동4가 (6),안암동2가 (7),안암동2가 (8),예장동 (9),산천동 (10),충정로1가 (13),충정로1가 (16),양화동 (18)
399,화동 (2),화동 (4),산천동 (4),동작동 (5),홍파동 (6),운니동 (7),만리동2가 (8),산천동 (9),예장동 (10),안암동2가 (12),동소문동3가 (16),동작동 (18)
400,원남동 (2),누하동 (3),남산동1가 (4),원서동 (5),예관동 (6),창성동 (7),항동 (8),경운동 (9),당인동 (10),동소문동3가 (12),보문동6가 (15),안암동2가 (17)
401,토정동 (2),원효로4가 (3),보문동6가 (4),경운동 (5),입정동 (6),현저동 (7),충정로1가 (8),만리동2가 (9),안암동2가 (10),당인동 (12),산림동 (15),당인동 (17)
402,서린동 (2),용산동3가 (3),묵정동 (4),항동 (5),산림동 (6),남산동3가 (6),경운동 (8),예관동 (8),현저동 (10),산천동 (11),입정동 (14),충정로1가 (16)
403,권농동 (2),양화동 (3),안암동2가 (4),보문동6가 (5),만리동1가 (6),옥인동 (6),예관동 (7),입정동 (8),창성동 (9),회현동3가 (11),장사동 (14),산림동 (15)
404,남대문로3가 (2),익선동 (3),회현동2가 (4),현저동 (5),창성동 (6),만리동1가 (6),입정동 (7),안암동2가 (8),남산동3가 (9),토정동 (11),양화동 (14),옥천동 (15)
405,원서동 (2),가회동 (3),안암동3가 (4),안암동4가 (5),개화동 (6),충정로1가 (6),상왕십리동 (7),당인동 (8),예관동 (9),예관동 (11),안암동2가 (14),현석동 (15)
406,청파동1가 (2),평동 (3),염곡동 (4),운니동 (5),충정로1가 (6),예장동 (6),남산동3가 (7),장사동 (8),회현동3가 (9),입정동 (11),현석동 (14),입정동 (14)
407,익선동 (1),수하동 (3),용산동3가 (4),산림동 (4),경운동 (6),토정동 (6),장사동 (7),창성동 (8),입정동 (9),보문동6가 (11),만리동2가 (14),안암동3가 (14)
408,회현동3가 (1),장사동 (3),예관동 (3),안암동3가 (4),현저동 (5),입정동 (6),창성동 (7),남산동3가 (7),장사동 (8),남산동3가 (11),옥천동 (14),만리동2가 (14)
409,충정로1가 (1),산림동 (3),평동 (3),토정동 (4),토정동 (5),보문동6가 (6),토정동 (6),항동 (7),안암동4가 (8),장사동 (10),회현동3가 (13),장사동 (14)
410,효창동 (1),창성동 (2),창성동 (3),창성동 (4),운니동 (5),예관동 (5),안암동3가 (5),염곡동 (7),안암동3가 (8),권농동 (9),염곡동 (13),개화동 (13)
411,남산동3가 (1),옥인동 (2),산림동 (3),안암동2가 (4),산천동 (5),산천동 (5),보문동6가 (5),안암동3가 (6),토정동 (8),안암동4가 (9),산천동 (13),회현동3가 (13)
412,예장동 (1),남산동3가 (2),권농동 (3),천왕동 (3),회현동3가 (5),홍파동 (5),양화동 (5),보문동6가 (6),보문동6가 (7),현석동 (9),개화동 (13),항동 (13)
413,견지동 (1),회현동3가 (2),보문동3가 (3),입정동 (3),안암동3가 (4),안암동4가 (5),당인동 (5),안암동4가 (6),현석동 (6),현저동 (9),예관동 (12),염곡동 (13)
414,원효로4가 (1),권농동 (2),토정동 (3),남산동3가 (3),보문동6가 (4),개화동 (4),홍파동 (4),토정동 (6),권농동 (6),개화동 (9),안암동3가 (12),안암동4가 (13)
415,누하동 (1),보문동3가 (2),안암동4가 (3),옥인동 (3),남산동3가 (4),당인동 (4),권농동 (4),양화동 (6),개화동 (5),안암동3가 (8),남산동3가 (12),산천동 (13)
416,홍파동 (1),산천동 (2),중학동 (2),회현동3가 (2),옥인동 (3),양화동 (3),회현동3가 (4),권농동 (5),만리동2가 (5),항동 (8),토정동 (11),남산동3가 (12)
417,중학동 (1),입정동 (2),옥인동 (2),권농동 (2),권농동 (2),회현동3가 (3),염곡동 (4),현석동 (5),염곡동 (5),만리동2가 (6),안암동4가 (11),예관동 (12)
418,창성동 (1),토정동 (2),입정동 (2),염곡동 (2),당인동 (2),권농동 (3),안암동4가 (4),홍파동 (4),양화동 (5),염곡동 (6),항동 (10),토정동 (11)
419,당인동 (1),원서동 (2),남산동3가 (2),중학동 (2),염곡동 (2),동작동 (3),현석동 (3),회현동3가 (4),홍파동 (4),양화동 (5),현저동 (9),현저동 (9)
420,경운동 (1),개화동 (2),당인동 (1),양화동 (2),양화동 (2),안암동3가 (3),산천동 (3),개화동 (3),항동 (4),홍파동 (4),홍파동 (7),홍파동 (7)
421,평동 (1),중학동 (1),양화동 (1),당인동 (1),동작동 (2),염곡동 (3),개화동 (2),과해동 (3),과해동 (3),과해동 (3),과해동 (3),과해동 (3)
422,봉원동 (1),당인동 (1),봉원동 (1),보문동3가 (1),선유동 (1),봉원동 (1),선유동 (1),보문동3가 (1),봉원동 (2),보문동3가 (2),보문동3가 (2),보문동3가 (2)
423,명륜1가 (1),봉원동 (1),회현동3가 (1),봉원동 (1),보문동3가 (1),선유동 (1),보문동3가 (1),봉원동 (1),보문동3가 (1),봉원동 (2),봉원동 (2),봉원동 (2)
424,선유동 (1),선유동 (1),선유동 (1),선유동 (1),봉원동 (1),보문동3가 (1),봉원동 (1),선유동 (1),선유동 (1),선유동 (1),선유동 (1),선유동 (1)
